time,OUT_EVAP
2013-04-08,3.520255813269336
2013-04-09,5.206721901629458
2013-04-10,5.318724027478899
2013-04-11,6.082274518347137
2013-04-12,6.256051288450621
2013-04-13,6.379219241191628
2013-04-14,6.12754618606765
2013-04-15,6.138290925183513
2013-04-16,4.266037347083711
2013-04-17,3.741740224878717
2013-04-18,4.101982671499086
2013-04-19,6.261259985101662
2013-04-20,4.33580422612079
2013-04-21,4.171019148581441
2013-04-22,4.141997121878601
2013-04-23,4.204061661000565
2013-04-24,4.351884979880423
2013-04-25,4.4888386194777405
2013-04-26,4.299666054838694
2013-04-27,5.635613129957415
2013-04-28,5.829889363207278
2013-04-29,5.04232184769464
2013-04-30,5.377219377348919
2013-05-01,4.602110192923579
2013-05-02,5.9117018420727225
2013-05-03,3.221627317723801
2013-05-04,4.455623662680492
2013-05-05,4.365514762752616
2013-05-06,4.649731424418839
2013-05-07,4.000242467239809
2013-05-08,5.665851564833506
2013-05-09,4.677528559060292
2013-05-10,4.821443374774074
2013-05-11,1.7019414363243537
2013-05-12,4.546371601978367
2013-05-13,5.666460727359282
2013-05-14,5.9343252250962495
2013-05-15,4.796281232846126
2013-05-16,4.483343522750125
2013-05-17,4.569658066209053
2013-05-18,4.284136803489541
2013-05-19,4.288513386453078
2013-05-20,4.985020450337574
2013-05-21,4.587570835615448
2013-05-22,4.070943310394162
2013-05-23,4.2582145643595615
2013-05-24,4.510729525473823
2013-05-25,5.3114015235301935
2013-05-26,5.959002589581283
2013-05-27,6.210783119693053
2013-05-28,4.114990782546665
2013-05-29,4.1917229167774055
2013-05-30,4.038969753645676
2013-05-31,5.865006606314416
2013-06-01,4.315911107257592
2013-06-02,3.8060079386758745
2013-06-03,4.2960002960559995
2013-06-04,4.685096797729658
2013-06-05,5.580602978732357
2013-06-06,5.578242569643977
2013-06-07,5.543101941957353
2013-06-08,5.650990950932757
2013-06-09,5.749444200713789
2013-06-10,4.335917231394211
2013-06-11,2.7749577767638356
2013-06-12,5.196375136451394
2013-06-13,4.80669120978373
2013-06-14,4.838251459902045
2013-06-15,5.581976466657487
2013-06-16,5.732770144366203
2013-06-17,5.77799940748761
2013-06-18,6.027327355939489
2013-06-19,4.488711076949796
2013-06-20,4.449757238125081
2013-06-21,4.355667038746665
2013-06-22,2.3415773549261907
2013-06-23,3.4354264992735564
2013-06-24,4.872758157278746
2013-06-25,4.357744478208169
2013-06-26,4.5845469119921205
2013-06-27,4.643155470600542
2013-06-28,6.079849299126426
2013-06-29,5.774130142268474
2013-06-30,5.766699702877785
2013-07-01,4.5003028358536055
2013-07-02,3.821906258008239
2013-07-03,5.553125152359318
2013-07-04,5.553050278351485
2013-07-05,4.423018757288797
2013-07-06,5.23387794135427
2013-07-07,4.23030123744657
2013-07-08,3.7972626581090405
2013-07-09,3.694188862032816
2013-07-10,3.963579636050347
2013-07-11,4.578794795261555
2013-07-12,6.003532518899525
2013-07-13,5.7767239589549195
2013-07-14,3.930555799439792
2013-07-15,4.091570615326278
2013-07-16,4.573093700414748
2013-07-17,3.9533589384519687
2013-07-18,4.552718591211956
2013-07-19,3.8119983698330593
2013-07-20,2.6943979600472097
2013-07-21,3.6212746524741064
2013-07-22,3.783689824089831
2013-07-23,3.8062543690339257
2013-07-24,4.038664836270251
2013-07-25,4.364273006672566
2013-07-26,4.406313271419729
2013-07-27,4.184147360049406
2013-07-28,3.038674990794563
2013-07-29,3.9203415420886776
2013-07-30,4.731277479910502
2013-07-31,4.45481814658093
2013-08-01,4.051306842102047
2013-08-02,3.7811263677945095
2013-08-03,3.770628160601297
2013-08-04,5.241289082691077
2013-08-05,5.306550488167827
2013-08-06,4.299091676557183
2013-08-07,3.601016492516203
2013-08-08,4.192453791257835
2013-08-09,4.093256706936256
2013-08-10,4.31866771603567
2013-08-11,4.440412597239011
2013-08-12,3.9800753446157984
2013-08-13,4.1157989160767166
2013-08-14,4.140877929807557
2013-08-15,5.160873985569894
2013-08-16,5.140807354669379
2013-08-17,4.8730384253308365
2013-08-18,4.798301015880288
2013-08-19,5.57004742606164
2013-08-20,3.3530198613750617
2013-08-21,3.5848230577839835
2013-08-22,3.305143708921556
2013-08-23,4.275326580244819
2013-08-24,4.123254721753256
2013-08-25,4.346144765187316
2013-08-26,3.485889289740584
2013-08-27,3.8730895363700037
2013-08-28,3.665846307511104
2013-08-29,3.408431746440205
2013-08-30,4.541971304014248
2013-08-31,5.5910972890213735
2013-09-01,4.197402908833451
2013-09-02,5.608873876906635
2013-09-03,5.197211014627779
2013-09-04,4.179648476302956
2013-09-05,4.042647890296917
2013-09-06,4.062517992639468
2013-09-07,4.010328064828549
2013-09-08,3.954867618052393
2013-09-09,3.9630658324449546
2013-09-10,3.912390396331326
2013-09-11,3.9003045888230936
2013-09-12,3.834746139884862
2013-09-13,3.435219956017537
2013-09-14,3.4623791136135584
2013-09-15,4.036333793398501
2013-09-16,2.8968531120373133
2013-09-17,2.5927587646058194
2013-09-18,1.864184645729147
2013-09-19,3.0012910087948876
2013-09-20,3.794398500973482
2013-09-21,2.9450835616575888
2013-09-22,3.1657368493493743
2013-09-23,1.4144996791398663
2013-09-24,4.846127288799737
2013-09-25,3.5687615466689118
2013-09-26,2.85042769924052
2013-09-27,3.6713060446914754
2013-09-28,2.966210940685792
2013-09-29,4.862621801001973
2013-09-30,3.040161927228065
2013-10-01,3.599465497829325
2013-10-02,2.839707440351448
2013-10-03,3.6037023030632027
2013-10-04,3.7324543314363314
2013-10-05,4.041825300165497
2013-10-06,3.769536014564785
2013-10-07,4.798302358998847
2013-10-08,4.853319357090149
2013-10-09,4.534769982899849
2013-10-10,4.766098445648702
2013-10-11,4.679326138645384
2013-10-12,4.615015540002149
2013-10-13,4.231472070251513
2013-10-14,3.5260962122798745
2013-10-15,1.4740002030887391
2013-10-16,2.6124514195527597
2013-10-17,4.35330518445522
2013-10-18,3.341251106647544
2013-10-19,4.3756796825571085
2013-10-20,4.426701713674528
2013-10-21,4.39950589136131
2013-10-22,4.565113447184186
2013-10-23,4.197233032981253
2013-10-24,4.289422703404654
2013-10-25,4.206154301953047
2013-10-26,4.126356538313175
2013-10-27,4.246632045377636
2013-10-28,4.284366087484205
2013-10-29,4.338638591640212
2013-10-30,4.3410751667043215
2013-10-31,3.4684640003234506
2013-11-01,4.150529216512672
2013-11-02,4.300723436627542
2013-11-03,4.296483560996337
2013-11-04,4.200158852301402
2013-11-05,4.065393881139743
2013-11-06,3.7574560779394646
2013-11-07,2.437007333830033
2013-11-08,3.934304455743753
2013-11-09,3.0132060877399955
2013-11-10,2.603286299881878
2013-11-11,3.649343452347404
2013-11-12,3.41379845663555
2013-11-13,3.5561682639835577
2013-11-14,3.18140660279561
2013-11-15,1.3337416047928579
2013-11-16,3.1239553811252825
2013-11-17,2.4867855929838134
2013-11-18,4.06243706436213
2013-11-19,3.7017967985319697
2013-11-20,3.9692169344620902
2013-11-21,3.8947826955966005
2013-11-22,3.9537303240452033
2013-11-23,3.7781948754855676
2013-11-24,2.858781190397441
2013-11-25,3.1423752544061303
2013-11-26,3.3198119132853314
2013-11-27,3.897612702932142
2013-11-28,3.5695092674732356
2013-11-29,3.6387608872917494
2013-11-30,3.9209402969807936
2013-12-01,3.436111020508484
2013-12-02,3.6597804166184535
2013-12-03,3.743226126692111
2013-12-04,3.7853223925282413
2013-12-05,3.727948495243537
2013-12-06,3.6633903955140776
2013-12-07,3.649656891637028
2013-12-08,3.574060033106337
2013-12-09,3.6172358665809488
2013-12-10,3.598684193255056
2013-12-11,3.5854826101395596
2013-12-12,3.5993291010329034
2013-12-13,3.7016462903102854
2013-12-14,3.4557085001985155
2013-12-15,2.2359322193108158
2013-12-16,1.1355654701148936
2013-12-17,2.616007295742445
2013-12-18,3.2711776531973578
2013-12-19,3.4047443790400402
2013-12-20,3.42515938562721
2013-12-21,3.614166555004293
2013-12-22,3.2860079319718967
2013-12-23,3.6770882253323753
2013-12-24,3.598770966786554
2013-12-25,3.4103220522582562
2013-12-26,3.6274969803995467
2013-12-27,3.4657005951028625
2013-12-28,3.5286617028731357
2013-12-29,3.518422478136982
2013-12-30,3.6103751204972716
2013-12-31,2.987524859426581
2014-01-01,3.4904105199261095
2014-01-02,2.901822603796479
2014-01-03,3.069559528567945
2014-01-04,3.74087631889777
2014-01-05,3.4892369011507127
2014-01-06,3.6425483560472314
2014-01-07,3.5512635029408126
2014-01-08,3.2610343129230346
2014-01-09,3.5175673603893625
2014-01-10,3.541548168742381
2014-01-11,3.5719628323084076
2014-01-12,4.045751762632021
2014-01-13,4.0030869999149505
2014-01-14,3.799684165521298
2014-01-15,3.751214390872674
2014-01-16,3.922021346404523
2014-01-17,4.089537108526984
2014-01-18,3.5858172523601297
2014-01-19,3.7068609427877286
2014-01-20,4.159174033817167
2014-01-21,3.643935454228331
2014-01-22,3.781393532187833
2014-01-23,3.6636417854986068
2014-01-24,3.4017774458376397
2014-01-25,3.769837271888116
2014-01-26,4.060698212221707
2014-01-27,4.085642912303595
2014-01-28,4.119086659987094
2014-01-29,4.222152342200754
2014-01-30,4.166374483926959
2014-01-31,3.9174575269753182
2014-02-01,3.780530080237684
2014-02-02,3.7141663859837446
2014-02-03,3.723059579817584
2014-02-04,3.344344827058112
2014-02-05,2.8416624240519237
2014-02-06,3.288788882075207
2014-02-07,4.213496012191762
2014-02-08,4.450440476177555
2014-02-09,3.96186636180153
2014-02-10,4.290085952821075
2014-02-11,4.366724311490627
2014-02-12,4.631788225091182
2014-02-13,4.207357873024713
2014-02-14,3.640009144483543
2014-02-15,3.6308572549386033
2014-02-16,3.5999732450123325
2014-02-17,4.216788310099564
2014-02-18,4.519352427139213
2014-02-19,2.774056968022549
2014-02-20,3.154642346099437
2014-02-21,3.483181036290663
2014-02-22,4.381765512716125
2014-02-23,4.426545803460499
2014-02-24,4.311736146557522
2014-02-25,3.549313902312095
2014-02-26,4.006539275672059
2014-02-27,4.362535083738917
2014-02-28,3.585529607259459
2014-03-01,4.924064096864384
2014-03-02,3.960300965599015
2014-03-03,4.9289486019132775
2014-03-04,4.1942133210190695
2014-03-05,4.78834589547152
2014-03-06,4.323849607428047
2014-03-07,4.9135546856698396
2014-03-08,4.155618845199374
2014-03-09,4.173901561108139
2014-03-10,4.159548688143993
2014-03-11,3.857604140617732
2014-03-12,4.1650264121768155
2014-03-13,4.691802183434327
2014-03-14,4.913695082096356
2014-03-15,5.896931256596209
2014-03-16,4.844929662375183
2014-03-17,4.1882581626162985
2014-03-18,4.4701341618427275
2014-03-19,5.628475433929662
2014-03-20,4.03186965182437
2014-03-21,4.219038774991976
2014-03-22,5.457133144153384
2014-03-23,5.562812275660477
2014-03-24,5.512209536008877
2014-03-25,5.2481849496139255
2014-03-26,5.503813047159702
2014-03-27,5.585889513650993
2014-03-28,5.347581865219401
2014-03-29,5.641461656976775
2014-03-30,5.122894169773376
2014-03-31,5.634204919897453
2014-04-01,4.1610500633396565
2014-04-02,5.4017725839149975
2014-04-03,4.329058960804464
2014-04-04,4.113591174462388
2014-04-05,4.0173812076552595
2014-04-06,4.802965818618526
2014-04-07,5.579769518580949
2014-04-08,4.233201352852077
2014-04-09,5.4920246558575725
2014-04-10,4.330741323226933
2014-04-11,2.4825519709229877
2014-04-12,4.2323820715655
2014-04-13,3.955098740531213
2014-04-14,3.484614720243652
2014-04-15,4.843183452585877
2014-04-16,5.333444780841494
2014-04-17,5.429318456240715
2014-04-18,5.183168550450225
2014-04-19,5.595638750918881
2014-04-20,5.7153101354551525
2014-04-21,4.800579127968616
2014-04-22,4.32838177933327
2014-04-23,5.566414759690011
2014-04-24,6.157024403077801
2014-04-25,5.69669209203857
2014-04-26,5.205438164505949
2014-04-27,4.347496877020619
2014-04-28,4.035789436127674
2014-04-29,4.1796484547056805
2014-04-30,5.777450460453981
2014-05-01,3.94780520258027
2014-05-02,5.515449902230528
2014-05-03,3.845810673664383
2014-05-04,5.276695712151809
2014-05-05,4.895659248202785
2014-05-06,4.734366511168613
2014-05-07,4.457876373058809
2014-05-08,5.896453150091183
2014-05-09,4.367653250880303
2014-05-10,4.704336675678626
2014-05-11,6.1480755522197965
2014-05-12,4.463437402832453
2014-05-13,4.262023097389897
2014-05-14,5.698570473983895
2014-05-15,5.901470054496822
2014-05-16,4.882481100797483
2014-05-17,4.4983213649199545
2014-05-18,4.479165411693826
2014-05-19,6.028920361057603
2014-05-20,5.742361300649005
2014-05-21,5.4165425317648
2014-05-22,5.985632659241493
2014-05-23,5.462998024055754
2014-05-24,5.825443277869946
2014-05-25,5.8100101772415575
2014-05-26,4.239503604403019
2014-05-27,5.998705477186672
2014-05-28,5.88990687994767
2014-05-29,5.160805067771871
2014-05-30,5.557118013615427
2014-05-31,5.231008689575335
2014-06-01,4.5392293178640255
2014-06-02,4.191351577419842
2014-06-03,4.982371016401608
2014-06-04,6.103645888476398
2014-06-05,4.392114466817737
2014-06-06,4.564139167161506
2014-06-07,4.964126074727123
2014-06-08,5.794128849055933
2014-06-09,3.949680872515511
2014-06-10,4.392032086323278
2014-06-11,3.8899145535677406
2014-06-12,3.9428892268801183
2014-06-13,4.039556677308453
2014-06-14,3.833908141447717
2014-06-15,4.005408175486896
2014-06-16,4.831077506029736
2014-06-17,4.403894459591457
2014-06-18,3.950993079960902
2014-06-19,4.35402901382343
2014-06-20,4.53938152743739
2014-06-21,3.697258360833489
2014-06-22,3.4927888453091214
2014-06-23,2.9040356083162364
2014-06-24,4.557563274400165
2014-06-25,4.394910014015286
2014-06-26,5.543600299003054
2014-06-27,6.0708878989422885
2014-06-28,3.4996949523358523
2014-06-29,3.4923876251842607
2014-06-30,3.968443807897041
2014-07-01,5.205065124174556
2014-07-02,4.37760660317461
2014-07-03,3.862319024840115
2014-07-04,5.7836362669886
2014-07-05,4.091281844755684
2014-07-06,5.833049872097306
2014-07-07,4.137987370213675
2014-07-08,4.713576068467349
2014-07-09,4.486454591396724
2014-07-10,4.275619227446445
2014-07-11,4.192480251080583
2014-07-12,4.246143741827846
2014-07-13,4.226750627711781
2014-07-14,4.276686429654972
2014-07-15,4.193247860300591
2014-07-16,4.893202722766886
2014-07-17,4.512601021537878
2014-07-18,3.3104800458344155
2014-07-19,3.7679404462689394
2014-07-20,3.588614805701956
2014-07-21,4.370853533051109
2014-07-22,4.481706928905177
2014-07-23,3.169190531385342
2014-07-24,4.361283219897273
2014-07-25,4.427681949352677
2014-07-26,4.2624090741494
2014-07-27,3.5129466656444497
2014-07-28,3.655300034577014
2014-07-29,3.054661751778774
2014-07-30,2.628079689861883
2014-07-31,4.137883275221641
2014-08-01,2.802560690383977
2014-08-02,3.2146711388399356
2014-08-03,4.356984778876392
2014-08-04,3.4388152282010953
2014-08-05,3.744090646435173
2014-08-06,4.057764252198153
2014-08-07,4.221982764110703
2014-08-08,4.78934810368192
2014-08-09,4.21674621809602
2014-08-10,5.793223717042506
2014-08-11,5.315886288468903
2014-08-12,4.46674509158971
2014-08-13,4.13607953295624
2014-08-14,4.059567874874379
2014-08-15,4.867306579628866
2014-08-16,4.163804452831526
2014-08-17,4.751728569839694
2014-08-18,4.339628016183631
2014-08-19,4.460456720386249
2014-08-20,4.229436470353694
2014-08-21,4.004817123300757
2014-08-22,4.531823366969474
2014-08-23,4.490293960186148
2014-08-24,4.62393575745534
2014-08-25,3.8322833232781486
2014-08-26,3.8302442594403048
2014-08-27,4.008821996587052
2014-08-28,3.9919194167695844
2014-08-29,3.9517611369672396
2014-08-30,4.00924826805393
2014-08-31,4.177374124981758
2014-09-01,3.3505914429975645
2014-09-02,3.9204479436612663
2014-09-03,4.402530936805887
2014-09-04,4.019148469156536
2014-09-05,4.241625873800363
2014-09-06,4.809927866551653
2014-09-07,3.6452134376460372
2014-09-08,4.809131513902696
2014-09-09,3.884008923594434
2014-09-10,3.6135248447008546
2014-09-11,3.834118811937383
2014-09-12,3.4669388147909403
2014-09-13,3.757377421338078
2014-09-14,3.739603488409554
2014-09-15,4.1814910435906025
2014-09-16,3.1148411014593425
2014-09-17,3.960085590472535
2014-09-18,5.100931780373517
2014-09-19,5.371518987955541
2014-09-20,5.232651394455357
2014-09-21,3.8166027133385336
2014-09-22,3.487521518138215
2014-09-23,3.9592835048719426
2014-09-24,3.3873250656342604
2014-09-25,2.781003185275917
2014-09-26,4.91065134370958
2014-09-27,3.8194581396312777
2014-09-28,3.436686721744135
2014-09-29,3.7028433032173154
2014-09-30,3.7776187551427567
2014-10-01,4.67933660093305
2014-10-02,4.677998617927434
2014-10-03,4.669988277302228
2014-10-04,4.47730221891962
2014-10-05,3.4493995073149777
2014-10-06,3.427092743223895
2014-10-07,4.673943460064226
2014-10-08,4.184207173225321
2014-10-09,4.382865042261459
2014-10-10,4.611954005008883
2014-10-11,4.678665820132309
2014-10-12,4.3790830840692365
2014-10-13,4.663082742983999
2014-10-14,4.229826151636612
2014-10-15,4.142593314918552
2014-10-16,4.755696324760614
2014-10-17,4.698061155466187
2014-10-18,4.04218033921361
2014-10-19,3.665308569019021
2014-10-20,3.5755569260015094
2014-10-21,4.140505276525893
2014-10-22,3.3026328658179382
2014-10-23,3.15137557533497
2014-10-24,3.0257467569279113
2014-10-25,3.046711919811645
2014-10-26,3.017689076009924
2014-10-27,2.9191901265653626
2014-10-28,3.4465383793445445
2014-10-29,3.664632545331509
2014-10-30,3.1837222739185935
2014-10-31,3.5281531247971882
2014-11-01,3.9300108134322818
2014-11-02,3.8984708897483094
2014-11-03,3.803704347070459
2014-11-04,4.077163447526041
2014-11-05,3.9678291900203466
2014-11-06,3.63566326325665
2014-11-07,3.854288004467411
2014-11-08,3.8673265067299556
2014-11-09,3.9025850259846013
2014-11-10,4.007353286052319
2014-11-11,4.035428391571807
2014-11-12,3.5356259115460826
2014-11-13,2.8517343888175333
2014-11-14,3.3044841075669984
2014-11-15,3.8232955471815817
2014-11-16,3.8398998544008487
2014-11-17,4.212871921769258
2014-11-18,3.8805277215217213
2014-11-19,3.625585034860041
2014-11-20,3.494917568468594
2014-11-21,3.8394136884215495
2014-11-22,3.9013873725986628
2014-11-23,3.6474672452281163
2014-11-24,3.7344964071427986
2014-11-25,3.571912834768902
2014-11-26,3.1809884750087414
2014-11-27,3.250239733413203
2014-11-28,3.6270999157567405
2014-11-29,2.9526064494640063
2014-11-30,2.930753469362296
2014-12-01,2.58928613071326
2014-12-02,2.733089426499912
2014-12-03,2.9854421275305807
2014-12-04,2.71613197668405
2014-12-05,3.785064818500349
2014-12-06,3.581975785107685
2014-12-07,3.77313890762154
2014-12-08,3.622448030825363
2014-12-09,3.8447623472196892
2014-12-10,3.7386817620507395
2014-12-11,3.8687900683963914
2014-12-12,3.5676102166271133
2014-12-13,3.5620408327651143
2014-12-14,3.24051390853542
2014-12-15,3.8206414761360503
2014-12-16,3.1334605984896395
2014-12-17,2.6936890911437175
2014-12-18,3.3415414169534206
2014-12-19,3.6848993579946074
2014-12-20,3.727663398799577
2014-12-21,4.1676169241148475
2014-12-22,3.5705523139570166
2014-12-23,3.501147630734376
2014-12-24,3.419838343522281
2014-12-25,3.9346532730340895
2014-12-26,3.8325242355460527
2014-12-27,4.039901644173856
2014-12-28,3.6781409290596327
2014-12-29,3.652072576716786
2014-12-30,3.8537746022058688
2014-12-31,3.9129125112633742
2015-01-01,3.9700708095886537
2015-01-02,3.959076632935143
2015-01-03,3.6877038568787572
2015-01-04,3.615186267458518
2015-01-05,3.07627426846353
2015-01-06,3.543847453493547
2015-01-07,3.242361151778904
2015-01-08,3.385991970053868
2015-01-09,3.5773357713512675
2015-01-10,4.010394462791083
2015-01-11,3.7247300632150866
2015-01-12,3.9659046519135708
2015-01-13,3.846194834186905
2015-01-14,3.9713742044003495
2015-01-15,3.886769596527856
2015-01-16,4.059687945739177
2015-01-17,4.071898852237529
2015-01-18,4.2573167659557996
2015-01-19,3.823766129071217
2015-01-20,3.9477888014011935
2015-01-21,4.125954517791548
2015-01-22,4.0278532872505535
2015-01-23,3.529668775262758
2015-01-24,3.494304547615955
2015-01-25,3.4236657872419807
2015-01-26,3.6762414933027876
2015-01-27,3.5548143721520367
2015-01-28,3.8477656224004457
2015-01-29,4.0202364467330485
2015-01-30,4.390218915816274
2015-01-31,4.846596319020188
2015-02-01,4.716365020431927
2015-02-02,4.7582720371699665
2015-02-03,4.80118599452933
2015-02-04,4.8846977510357075
2015-02-05,5.066463682266271
2015-02-06,4.632308197850716
2015-02-07,4.135454854908091
2015-02-08,4.835617112315924
2015-02-09,4.801325299175736
2015-02-10,4.4594348570578966
2015-02-11,4.368535212857164
2015-02-12,4.371185718173104
2015-02-13,3.2053350677478427
2015-02-14,3.9511660869302134
2015-02-15,3.1621425503802856
2015-02-16,3.4302922450807407
2015-02-17,3.580436581868462
2015-02-18,3.0964425131392095
2015-02-19,1.7650129114871123
2015-02-20,2.9916684618281564
2015-02-21,2.9579242272991197
2015-02-22,3.486548106498863
2015-02-23,4.509725419045869
2015-02-24,4.510717383429705
2015-02-25,3.295995322544639
2015-02-26,4.2162210940383025
2015-02-27,4.24556998565589
2015-02-28,4.156988491772624
2015-03-01,4.924300318743984
2015-03-02,5.099867604466936
2015-03-03,5.079473684221348
2015-03-04,4.771925549477095
2015-03-05,4.691598558695839
2015-03-06,4.8680243953661595
2015-03-07,3.8575829775070756
2015-03-08,4.953338962940576
2015-03-09,5.033735093279989
2015-03-10,5.151694549047339
2015-03-11,5.110374024067873
2015-03-12,5.243755635494127
2015-03-13,5.368314471128892
2015-03-14,3.7839317099783223
2015-03-15,5.870263613158965
2015-03-16,5.669606653630711
2015-03-17,5.284535526839246
2015-03-18,6.25483963522001
2015-03-19,5.389458118326849
2015-03-20,4.1209916581236055
2015-03-21,4.822265904476831
2015-03-22,5.172416157250237
2015-03-23,5.5393173506433175
2015-03-24,5.540079133320136
2015-03-25,5.826873155000727
2015-03-26,5.92840507772352
2015-03-27,5.863069404692149
2015-03-28,5.907855995686241
2015-03-29,4.382830188964978
2015-03-30,5.615831850253303
2015-03-31,4.564394072134059
2015-04-01,6.2070049368330915
2015-04-02,5.874619858830521
2015-04-03,6.167581205767237
2015-04-04,5.803560012196222
2015-04-05,6.213333599717262
2015-04-06,5.424010516170898
2015-04-07,5.524524228081679
2015-04-08,6.262772966080508
2015-04-09,6.3040592396909
2015-04-10,6.3639077985016215
2015-04-11,4.397336818645364
2015-04-12,5.828231897968429
2015-04-13,6.807105802261275
2015-04-14,6.722375298986558
2015-04-15,6.082776025694133
2015-04-16,6.6778873072016145
2015-04-17,6.816534476098942
2015-04-18,6.407875121932273
2015-04-19,6.303344561016541
2015-04-20,6.572524645720345
2015-04-21,4.438415272513209
2015-04-22,5.633208675747798
2015-04-23,5.9532862607638535
2015-04-24,5.133653427224958
2015-04-25,4.872720311938551
2015-04-26,5.99175224448416
2015-04-27,6.24828175453168
2015-04-28,4.504144057636616
2015-04-29,4.837530669178627
2015-04-30,4.607849701039024
2015-05-01,4.939947150419499
2015-05-02,4.321739318412121
2015-05-03,6.1658562615064225
2015-05-04,6.048324617309096
2015-05-05,4.550685153594329
2015-05-06,5.026961121766244
2015-05-07,5.765638112511938
2015-05-08,5.9770160349819825
2015-05-09,4.063537388685904
2015-05-10,5.039694103292004
2015-05-11,6.007100788283144
2015-05-12,4.399312069829459
2015-05-13,4.500671575810139
2015-05-14,3.9915996073688547
2015-05-15,5.501498586290722
2015-05-16,5.639281317640648
2015-05-17,4.175827134386064
2015-05-18,4.379510900610333
2015-05-19,4.328973233617092
2015-05-20,4.5674955766739895
2015-05-21,4.727297512670753
2015-05-22,4.969326800155397
2015-05-23,4.330261354807933
2015-05-24,5.852842881761
2015-05-25,5.364349053097095
2015-05-26,5.8339594689996845
2015-05-27,6.207683298109511
2015-05-28,6.140305093381409
2015-05-29,5.82880100927223
2015-05-30,5.894091046648763
2015-05-31,6.0137830128409435
2015-06-01,4.517489390417693
2015-06-02,4.346178347368191
2015-06-03,5.951418106678424
2015-06-04,5.942918979395846
2015-06-05,4.528075778153608
2015-06-06,4.3645086610814445
2015-06-07,5.119169747231302
2015-06-08,4.910358091556707
2015-06-09,6.1288790524905234
2015-06-10,5.747246769533515
2015-06-11,5.496732174873065
2015-06-12,4.149811303339544
2015-06-13,5.847862723635848
2015-06-14,4.481098814032513
2015-06-15,4.422611602673537
2015-06-16,4.5509167083092175
2015-06-17,4.754266270778291
2015-06-18,4.384967103707757
2015-06-19,4.367743446517254
2015-06-20,4.263442800841526
2015-06-21,3.905250735975781
2015-06-22,3.8304661621958256
2015-06-23,2.002024261336857
2015-06-24,3.0245175144314547
2015-06-25,4.352357624294052
2015-06-26,4.24912288504379
2015-06-27,4.501216753141755
2015-06-28,6.216140345940307
2015-06-29,5.915271831358195
2015-06-30,5.978085758329042
2015-07-01,6.107311777513624
2015-07-02,6.299474068919947
2015-07-03,5.918594807229394
2015-07-04,6.04655149974753
2015-07-05,5.560417069083688
2015-07-06,4.362897158175534
2015-07-07,4.836675462591647
2015-07-08,3.7116051595403974
2015-07-09,3.681237358885479
2015-07-10,5.7964552211092135
2015-07-11,4.819990028330936
2015-07-12,2.7899248599310007
2015-07-13,4.196766994241328
2015-07-14,4.09771733681708
2015-07-15,4.464123522438482
2015-07-16,3.7981586156877962
2015-07-17,3.497683215407525
2015-07-18,3.403934741686179
2015-07-19,2.8087164758251024
2015-07-20,5.098227020579761
2015-07-21,4.398925394134913
2015-07-22,5.8191742695648765
2015-07-23,4.3839291504515
2015-07-24,5.349288966923191
2015-07-25,3.437761143691448
2015-07-26,2.5114781444176217
2015-07-27,2.835817270879304
2015-07-28,3.4768813039037654
2015-07-29,3.1810674673037207
2015-07-30,3.479479350493251
2015-07-31,3.6828296449033573
2015-08-01,3.6299035023178723
2015-08-02,3.931506460795158
2015-08-03,5.0239829169813115
2015-08-04,4.896134180996634
2015-08-05,6.045327379714115
2015-08-06,4.526959368840766
2015-08-07,3.729050888721977
2015-08-08,5.591878576340209
2015-08-09,4.717572384800379
2015-08-10,4.157049553009361
2015-08-11,4.704472324165613
2015-08-12,3.7408165712486663
2015-08-13,4.576781089747835
2015-08-14,4.480825253795506
2015-08-15,6.0228438748916835
2015-08-16,5.824518637615165
2015-08-17,5.9168543957365936
2015-08-18,5.3256552127156125
2015-08-19,6.085398622763422
2015-08-20,4.726889926492914
2015-08-21,4.676812266109905
2015-08-22,5.644761064317099
2015-08-23,5.80309809559875
2015-08-24,5.937294685907771
2015-08-25,3.354602952432887
2015-08-26,2.625542658681592
2015-08-27,3.4751808409993905
2015-08-28,5.468847390311559
2015-08-29,4.3621182134358145
2015-08-30,3.7775609266815438
2015-08-31,3.588922973747098
2015-09-01,3.8180062781427946
2015-09-02,4.105397853480638
2015-09-03,5.06527276894235
2015-09-04,5.428510643682961
2015-09-05,4.303591639088001
2015-09-06,5.482544970014984
2015-09-07,5.4882034323513835
2015-09-08,3.9394118817555994
2015-09-09,4.101647727479813
2015-09-10,3.751715173256984
2015-09-11,4.027769395600234
2015-09-12,3.451209986878937
2015-09-13,3.898720240506359
2015-09-14,2.2375709722912718
2015-09-15,2.7783755859353887
2015-09-16,3.9547273797326374
2015-09-17,2.88494529486446
2015-09-18,4.143011851591631
2015-09-19,5.497184820473152
2015-09-20,5.5327086130352665
2015-09-21,3.952274856619595
2015-09-22,5.394609588739069
2015-09-23,5.366421628413823
2015-09-24,4.503121516391218
2015-09-25,5.001472909871857
2015-09-26,4.818922491616219
2015-09-27,3.6815632236231957
2015-09-28,3.7238570176853947
2015-09-29,3.8620098797591815
2015-09-30,4.467267867023786
2015-10-01,3.462792440650516
2015-10-02,2.5129301289249195
2015-10-03,3.0931394040684332
2015-10-04,2.618760823929789
2015-10-05,3.1126236065482686
2015-10-06,3.2634147444107726
2015-10-07,3.4290964902229764
2015-10-08,2.9822754105742875
2015-10-09,4.547982734443738
2015-10-10,3.4236106310224907
2015-10-11,4.0379813887098335
2015-10-12,4.487342638649791
2015-10-13,4.593848936529953
2015-10-14,4.568070751042311
2015-10-15,3.3973904090862703
2015-10-16,4.512183764942801
2015-10-17,4.505397880156772
2015-10-18,4.454984016536098
2015-10-19,4.329072578128301
2015-10-20,4.378833679855758
2015-10-21,4.515255986019063
2015-10-22,4.498823085975189
2015-10-23,4.352349079030299
2015-10-24,4.275507008683998
2015-10-25,4.396202082127817
2015-10-26,3.942557418995527
2015-10-27,4.065925926608914
2015-10-28,3.4169833327724266
2015-10-29,4.099268230923366
2015-10-30,4.5364545307210555
2015-10-31,4.323201805550031
2015-11-01,4.125409351597175
2015-11-02,3.6735039976289805
2015-11-03,3.4262468044679064
2015-11-04,4.137600560452489
2015-11-05,3.01691439244818
2015-11-06,2.7710546524995174
2015-11-07,3.2666543255796503
2015-11-08,2.9570389759531506
2015-11-09,3.0518420070478847
2015-11-10,3.772764046808472
2015-11-11,3.162745057107542
2015-11-12,3.7076128280629828
2015-11-13,3.4238277161768536
2015-11-14,3.2587803369552493
2015-11-15,3.4506485184982045
2015-11-16,3.238712936418315
2015-11-17,3.145804941329191
2015-11-18,3.040948372616167
2015-11-19,3.5438244794422378
2015-11-20,3.161649121006123
2015-11-21,3.247385943524413
2015-11-22,3.3458005094083765
2015-11-23,3.46677877883081
2015-11-24,3.106391824181716
2015-11-25,3.8393649669961194
2015-11-26,3.841089985111088
2015-11-27,3.375150837661949
2015-11-28,3.3893573279813634
2015-11-29,3.772178328652598
2015-11-30,3.599215285943049
2015-12-01,3.7744001481525986
2015-12-02,3.1541724406404326
2015-12-03,3.5451192716955253
2015-12-04,3.095459369607947
2015-12-05,2.9564260057256018
2015-12-06,3.0397161206574324
2015-12-07,3.249926255511234
2015-12-08,3.1813238046785104
2015-12-09,3.678368683353363
2015-12-10,3.6203222867455693
2015-12-11,3.391659338643587
2015-12-12,3.315559670603273
2015-12-13,3.3836868426509232
2015-12-14,3.5243622106752612
2015-12-15,3.6400845814930727
2015-12-16,3.225573844934271
2015-12-17,3.013282240797169
2015-12-18,3.553469814713192
2015-12-19,3.7240214615103815
2015-12-20,3.7526432232047595
2015-12-21,3.2275100282176488
2015-12-22,2.9573161674067032
2015-12-23,3.172768486328887
2015-12-24,2.794313776194025
2015-12-25,3.322716196726589
2015-12-26,3.7510566602906668
2015-12-27,3.793083917860982
2015-12-28,3.783575123764042
2015-12-29,3.8069460806960915
2015-12-30,4.046154425707193
2015-12-31,3.8485537750168604
2016-01-01,4.129036918826632
2016-01-02,3.457028156939372
2016-01-03,3.2429412604719103
2016-01-04,3.0319539639930975
2016-01-05,3.2966903394729763
2016-01-06,3.5999413613813034
2016-01-07,2.9613247584018842
2016-01-08,2.8702440312477244
2016-01-09,2.8022909714142847
2016-01-10,2.806984950171004
2016-01-11,2.6219823215143783
2016-01-12,3.113663715942372
2016-01-13,3.284091893335515
2016-01-14,3.29667611249029
2016-01-15,2.9999601066796426
2016-01-16,2.2107332247893106
2016-01-17,2.765854852005924
2016-01-18,2.620280501245723
2016-01-19,2.8639929283312124
2016-01-20,3.0547326631924268
2016-01-21,3.372997907010461
2016-01-22,3.494225022313859
2016-01-23,4.280938732597865
2016-01-24,3.2725578213418025
2016-01-25,4.0528668593902815
2016-01-26,3.94645894859889
2016-01-27,4.22702043572201
2016-01-28,4.215853714297693
2016-01-29,3.978138872320427
2016-01-30,4.23733524482845
2016-01-31,3.816185061285392
2016-02-01,4.522406296651785
2016-02-02,5.004965674964348
2016-02-03,4.825374072958041
2016-02-04,5.221719420146283
2016-02-05,5.383774772319512
2016-02-06,4.617733883952353
2016-02-07,4.573127705595711
2016-02-08,4.571220784583592
2016-02-09,4.291486407329507
2016-02-10,3.9900774051001457
2016-02-11,4.524812050629726
2016-02-12,4.826562840533466
2016-02-13,4.384816228377548
2016-02-14,4.107846825851343
2016-02-15,5.403474468554167
2016-02-16,5.210455661266624
2016-02-17,5.245148703135646
2016-02-18,4.9190988526899115
2016-02-19,4.595419618066167
2016-02-20,5.041297282313845
2016-02-21,4.7427671179461
2016-02-22,4.354169786806411
2016-02-23,5.161537976012697
2016-02-24,5.687154308906755
2016-02-25,5.89584320972425
2016-02-26,5.912902386272405
2016-02-27,5.737909379241778
2016-02-28,5.558789866579708
2016-02-29,5.451209806902497
2016-03-01,5.633268237889892
2016-03-02,4.968875286542191
2016-03-03,4.275979132485801
2016-03-04,4.773523667405913
2016-03-05,4.863492176837179
2016-03-06,3.876981298218976
2016-03-07,4.294754006146091
2016-03-08,4.557665750381687
2016-03-09,5.084723186127218
2016-03-10,4.645951493796143
2016-03-11,4.266040000200148
2016-03-12,4.275393636177556
2016-03-13,4.7898259261244185
2016-03-14,4.525272192195641
2016-03-15,5.344128505355606
2016-03-16,4.495353010825955
2016-03-17,5.37226541072489
2016-03-18,5.201172350037025
2016-03-19,5.384732888764308
2016-03-20,6.035833701355189
2016-03-21,5.883484364901251
2016-03-22,6.048765026054296
2016-03-23,5.339448492829517
2016-03-24,5.299853513010921
2016-03-25,5.2351161467321745
2016-03-26,6.008641618750545
2016-03-27,6.286989991318314
2016-03-28,5.776231541106918
2016-03-29,5.423598285787441
2016-03-30,4.284041883428632
2016-03-31,5.545059987854639
2016-04-01,6.114964008512697
2016-04-02,5.14450628026946
2016-04-03,4.583583468510488
2016-04-04,4.397405183147693
2016-04-05,6.102532123804211
2016-04-06,5.849715610210203
2016-04-07,6.174591751371785
2016-04-08,6.283262494396502
2016-04-09,6.439917357112009
2016-04-10,6.775505193228206
2016-04-11,6.996407700633598
2016-04-12,7.040067377791632
2016-04-13,6.756024164052137
2016-04-14,6.892344058225129
2016-04-15,7.196797410383724
2016-04-16,6.8430292794181575
2016-04-17,6.868117255238786
2016-04-18,5.866396508952258
2016-04-19,5.479174269764981
2016-04-20,5.5034479764362985
2016-04-21,6.6462471042579505
2016-04-22,5.788183187078217
2016-04-23,5.367940747588357
2016-04-24,6.46946811614057
2016-04-25,6.406839154392612
2016-04-26,6.5964657434881895
2016-04-27,5.21669012208194
2016-04-28,4.679666866325867
2016-04-29,4.195660557228731
2016-04-30,4.009987291138587
2016-05-01,5.486033699760467
2016-05-02,6.550006317985188
2016-05-03,4.719837401394839
2016-05-04,4.764648429103952
2016-05-05,5.01580764078087
2016-05-06,6.0434197827378044
2016-05-07,6.349934944268562
2016-05-08,6.028594121201366
2016-05-09,4.85321710399903
2016-05-10,4.689962065381621
2016-05-11,6.311139759499094
2016-05-12,5.7529623327860895
2016-05-13,3.3141453053888634
2016-05-14,6.435752937580394
2016-05-15,4.450964946401357
2016-05-16,4.414529124749137
2016-05-17,5.48302599171998
2016-05-18,4.87169284003849
2016-05-19,4.678811273104898
2016-05-20,3.8199770557522807
2016-05-21,4.5652073353633185
2016-05-22,4.532974557712198
2016-05-23,4.114977673462478
2016-05-24,4.581496359945945
2016-05-25,3.9073998230170326
2016-05-26,4.358465129751466
2016-05-27,4.4712099156567815
2016-05-28,4.053372424349326
2016-05-29,2.822779078644219
2016-05-30,4.008462779276115
2016-05-31,5.478612014802402
2016-06-01,5.502643973420261
2016-06-02,5.334631193441293
2016-06-03,5.945802225084718
2016-06-04,5.718743316729231
2016-06-05,4.044506470333644
2016-06-06,5.4757694397666175
2016-06-07,4.331001365139459
2016-06-08,4.522163534619289
2016-06-09,5.953154010797512
2016-06-10,4.967091726940246
2016-06-11,4.645492041598312
2016-06-12,4.773330591094276
2016-06-13,4.995482813994627
2016-06-14,5.78554463656386
2016-06-15,5.055745071889158
2016-06-16,4.698958157181319
2016-06-17,4.892732866059779
2016-06-18,5.6152800291465175
2016-06-19,4.175074457219129
2016-06-20,4.390131390324473
2016-06-21,5.8217100520512055
2016-06-22,4.02079782632494
2016-06-23,3.246391997094448
2016-06-24,4.229677577150928
2016-06-25,4.423351587204195
2016-06-26,1.98726220727972
2016-06-27,3.474392956260325
2016-06-28,3.692208098765595
2016-06-29,3.8006137209971165
2016-06-30,5.363470571403671
2016-07-01,4.032688334594727
2016-07-02,4.204571743663518
2016-07-03,4.872727889884173
2016-07-04,4.110416048460564
2016-07-05,1.2972916907227348
2016-07-06,3.0352400752316386
2016-07-07,4.593085602136389
2016-07-08,4.416718683618428
2016-07-09,4.788700857429415
2016-07-10,4.562297721949824
2016-07-11,2.5785138376520966
2016-07-12,4.160358872579714
2016-07-13,3.5503726043303145
2016-07-14,5.399670948648554
2016-07-15,6.039455054639732
2016-07-16,5.836243005302585
2016-07-17,4.358293745710728
2016-07-18,4.498831949708256
2016-07-19,6.035498751366665
2016-07-20,4.891556092208398
2016-07-21,4.534383688054912
2016-07-22,4.286030156894093
2016-07-23,4.329123580612373
2016-07-24,5.8056509041874955
2016-07-25,4.122334506050116
2016-07-26,4.938205464596006
2016-07-27,4.185735999129404
2016-07-28,5.634688141800848
2016-07-29,5.496857570374761
2016-07-30,5.517484585265706
2016-07-31,5.722777182557088
2016-08-01,5.727127542293062
2016-08-02,4.641393934680821
2016-08-03,4.150584165218616
2016-08-04,3.9547013699016613
2016-08-05,4.4174159629860394
2016-08-06,5.2249302407564615
2016-08-07,4.897665623589489
2016-08-08,5.19304034145639
2016-08-09,5.583449627227518
2016-08-10,4.386489199338692
2016-08-11,4.799204864428573
2016-08-12,3.989535834035666
2016-08-13,5.239216090537672
2016-08-14,5.020413100445734
2016-08-15,3.8272188276527412
2016-08-16,4.23310267329019
2016-08-17,4.049686664740762
2016-08-18,3.0263743297507095
2016-08-19,3.610475677551895
2016-08-20,5.792718689599757
2016-08-21,5.422642968039421
2016-08-22,4.196961759340147
2016-08-23,4.849293714967703
2016-08-24,3.8426367447966494
2016-08-25,4.080610087689961
2016-08-26,4.500292687964369
2016-08-27,3.335079379325922
2016-08-28,4.160335321347659
2016-08-29,4.263189588741819
2016-08-30,5.467330775789004
2016-08-31,4.202514642308496
2016-09-01,5.219428456533941
2016-09-02,3.9478427253591284
2016-09-03,4.039767718344633
2016-09-04,3.7658174784854985
2016-09-05,3.1771695376826306
2016-09-06,4.239042206924078
2016-09-07,3.954033087040646
2016-09-08,4.172076876039763
2016-09-09,4.602809155283912
2016-09-10,3.7525063839721766
2016-09-11,3.2108350714649423
2016-09-12,3.595088807892569
2016-09-13,1.017629861928881
2016-09-14,4.06963128381717
2016-09-15,5.186818564703614
2016-09-16,4.045303026309374
2016-09-17,3.920713134887351
2016-09-18,3.6467822896558557
2016-09-19,3.6486396394017095
2016-09-20,3.605374284542546
2016-09-21,3.4042873742343795
2016-09-22,3.2252091769823243
2016-09-23,3.709654925210457
2016-09-24,3.1263306729731006
2016-09-25,3.7234748685528882
2016-09-26,3.6312896855133103
2016-09-27,4.003478387512251
2016-09-28,3.907844055558238
2016-09-29,3.77500187817636
2016-09-30,3.238930712458697
2016-10-01,4.5205198767464
2016-10-02,4.4204883647767845
2016-10-03,3.645798854563938
2016-10-04,3.212492060219038
2016-10-05,3.4150945182857386
2016-10-06,3.3831023043599546
2016-10-07,3.1677256870479202
2016-10-08,2.702022984595854
2016-10-09,4.231497170410768
2016-10-10,4.487391332386828
2016-10-11,3.6960488608119406
2016-10-12,4.084406373562368
2016-10-13,3.7012427784604434
2016-10-14,2.5054284654047034
2016-10-15,3.3436458536557763
2016-10-16,3.139414096026778
2016-10-17,4.29739519020986
2016-10-18,4.015359028753713
2016-10-19,4.282577775762081
2016-10-20,4.49035723298285
2016-10-21,4.267420529877796
2016-10-22,3.473814498119232
2016-10-23,3.0033081818367786
2016-10-24,2.9256294001845227
2016-10-25,3.201597436088918
2016-10-26,4.323118408345103
2016-10-27,3.2244514540567493
2016-10-28,3.181028733213044
2016-10-29,4.204990441139495
2016-10-30,3.553021926820945
2016-10-31,3.645540780067919
2016-11-01,3.0832130182704227
2016-11-02,3.296734168414441
2016-11-03,3.5986034710256134
2016-11-04,3.348157263541232
2016-11-05,4.210776299939982
2016-11-06,3.79730901010005
2016-11-07,3.155605188825226
2016-11-08,2.3006623634245233
2016-11-09,2.753419600003048
2016-11-10,3.6566762359881007
2016-11-11,3.7963728608012386
2016-11-12,4.0920614135879525
2016-11-13,3.9314406806609243
2016-11-14,3.821049105600836
2016-11-15,3.9236341445138496
2016-11-16,4.0438151466103625
2016-11-17,3.5375371079423976
2016-11-18,3.257723240961589
2016-11-19,3.642225610826843
2016-11-20,3.187572331415238
2016-11-21,3.422059975579815
2016-11-22,2.8557169172607137
2016-11-23,2.321473874656714
2016-11-24,3.145820499057465
2016-11-25,3.6084664083547837
2016-11-26,3.7156426910211557
2016-11-27,3.5198402258199484
2016-11-28,3.875902737714874
2016-11-29,4.036045905656149
2016-11-30,3.8696763198634394
2016-12-01,2.9166656574018135
2016-12-02,3.103172580851955
2016-12-03,2.9512452263169804
2016-12-04,3.3386208978705607
2016-12-05,2.6009677271674008
2016-12-06,3.045825602045948
2016-12-07,3.3053865809799414
2016-12-08,2.8625853853908247
2016-12-09,3.164249219435396
2016-12-10,3.1778870332502533
2016-12-11,3.208873851573884
2016-12-12,2.9214303294047452
2016-12-13,2.5449799601979026
2016-12-14,2.1513448824522943
2016-12-15,2.4495943982561244
2016-12-16,2.179828506112863
2016-12-17,3.008528090673546
2016-12-18,3.6911029365449757
2016-12-19,3.6534110418787358
2016-12-20,3.491878142954571
2016-12-21,3.796707517602976
2016-12-22,3.646750311150127
2016-12-23,3.616882450245652
2016-12-24,3.717864711907191
2016-12-25,3.66258780052794
2016-12-26,3.545760756913922
2016-12-27,3.568707924639723
2016-12-28,3.0413662919686777
2016-12-29,3.2231596116527785
2016-12-30,3.0601338501782727
2016-12-31,2.356729314623954
2017-01-01,3.643561815568825
2017-01-02,3.622137804111267
2017-01-03,3.447861602770854
2017-01-04,3.0774466800764335
2017-01-05,3.1481318462733934
2017-01-06,3.012812626858104
2017-01-07,3.2762449551993913
2017-01-08,2.690944590783115
2017-01-09,3.47337872802886
2017-01-10,3.2086775076590044
2017-01-11,3.3060078922149803
2017-01-12,3.3735291746167753
2017-01-13,3.548539638755113
2017-01-14,4.15195017418365
2017-01-15,3.1886381973839444
2017-01-16,3.0654444372945293
2017-01-17,3.5490743658254917
2017-01-18,4.014150535526801
2017-01-19,4.138540241205056
2017-01-20,4.282891132342609
2017-01-21,4.464879706442873
2017-01-22,4.274253658236849
2017-01-23,3.9905402793911073
2017-01-24,4.395264428166051
2017-01-25,4.671579607212232
2017-01-26,4.3380818117825015
2017-01-27,4.444569557557112
2017-01-28,3.8190324327102005
2017-01-29,3.9373341322797533
2017-01-30,4.579452325238757
2017-01-31,4.411035428481146
2017-02-01,4.013950288862557
2017-02-02,3.2297220508129576
2017-02-03,3.487793101335868
2017-02-04,4.086417459329203
2017-02-05,4.276391565651698
2017-02-06,4.250426313607522
2017-02-07,4.273608186208535
2017-02-08,4.304018498020823
2017-02-09,4.8567756669776365
2017-02-10,5.0190878810427355
2017-02-11,5.187228841442466
2017-02-12,4.89636789644036
2017-02-13,4.880153376053875
2017-02-14,5.166207295874594
2017-02-15,4.915857072702609
2017-02-16,3.9008437255380426
2017-02-17,4.510341497944489
2017-02-18,5.039368138428706
2017-02-19,4.248962336781941
2017-02-20,4.646191412478382
2017-02-21,4.56208658475454
2017-02-22,4.24609033987377
2017-02-23,3.6428328824348335
2017-02-24,3.9032098445132375
2017-02-25,4.805206161577567
2017-02-26,5.136645445030883
2017-02-27,5.6065879983321345
2017-02-28,5.453663366034461
2017-03-01,6.183518271826143
2017-03-02,5.689044098793003
2017-03-03,5.304815800796801
2017-03-04,4.860300087471893
2017-03-05,5.196428650485915
2017-03-06,4.787748545225149
2017-03-07,4.593707121218401
2017-03-08,4.026210048056697
2017-03-09,4.658602782074703
2017-03-10,5.049979235223506
2017-03-11,5.354175523447706
2017-03-12,4.8812886954653605
2017-03-13,5.1999593075296175
2017-03-14,3.973679002802928
2017-03-15,4.183581864049577
2017-03-16,3.558481201264619
2017-03-17,4.3532865640823175
2017-03-18,4.409725715254462
2017-03-19,4.944026129270443
2017-03-20,3.7636641614220947
2017-03-21,2.615889555568174
2017-03-22,3.499060656589904
2017-03-23,4.895014206083482
2017-03-24,4.821597667795078
2017-03-25,3.8764169652908276
2017-03-26,3.9115866600531968
2017-03-27,3.4623399196452924
2017-03-28,5.933396252459708
2017-03-29,3.798311064462009
2017-03-30,4.699239666477295
2017-03-31,3.7061948024822398
2017-04-01,4.17473244778092
2017-04-02,6.12651765317352
2017-04-03,6.103865920121705
2017-04-04,5.09178421741935
2017-04-05,4.239021155826261
2017-04-06,5.331419027996296
2017-04-07,5.199293506607774
2017-04-08,5.154280954419847
2017-04-09,5.933139945765591
2017-04-10,6.3107305028050975
2017-04-11,5.775183304320781
2017-04-12,5.609201859776301
2017-04-13,5.478643827157518
2017-04-14,5.391769592304613
2017-04-15,5.852509589946603
2017-04-16,5.960364406144017
2017-04-17,5.69800509508787
2017-04-18,6.054663070709243
2017-04-19,5.937873678830705
2017-04-20,5.960438982313867
2017-04-21,5.98805241792188
2017-04-22,5.946891611687995
2017-04-23,4.684480932299637
2017-04-24,4.627858618374017
2017-04-25,5.8481818187310814
2017-04-26,5.848447711545386
2017-04-27,4.440198525758988
2017-04-28,3.6460504090534607
2017-04-29,3.478633848443545
2017-04-30,5.756167577863953
2017-05-01,6.013214878347049
2017-05-02,5.875275801504916
2017-05-03,5.617804304425781
2017-05-04,4.097909879078908
2017-05-05,5.799722860839227
2017-05-06,4.296592498066239
2017-05-07,5.746881511723265
2017-05-08,4.315077767043362
2017-05-09,4.057100319621589
2017-05-10,4.467567422136764
2017-05-11,4.509441440544112
2017-05-12,5.915048813039416
2017-05-13,3.5043777965989107
2017-05-14,5.494922841571889
2017-05-15,3.8480788016510536
2017-05-16,4.33902876324533
2017-05-17,4.209238391416093
2017-05-18,4.482869217232734
2017-05-19,4.247838961091363
2017-05-20,5.135513431387343
2017-05-21,4.388227464673038
2017-05-22,5.337702439060484
2017-05-23,4.065935490931819
2017-05-24,4.480609339556504
2017-05-25,3.8494287785856303
2017-05-26,3.936639568776838
2017-05-27,3.9334106644195423
2017-05-28,3.757720513729525
2017-05-29,3.8241142641144648
2017-05-30,4.1363840998716945
2017-05-31,4.601113188020529
2017-06-01,3.939964410984948
2017-06-02,4.1167590615581116
2017-06-03,4.544687095931302
2017-06-04,4.7943445171378185
2017-06-05,4.3338940389861484
2017-06-06,4.427745459899938
2017-06-07,4.241888769507728
2017-06-08,3.956481427859197
2017-06-09,3.6093828230900646
2017-06-10,3.491115598262491
2017-06-11,4.409701292760027
2017-06-12,4.492126032918894
2017-06-13,4.17573131303111
2017-06-14,3.8614110119737686
2017-06-15,5.470677792016292
2017-06-16,4.813771666784632
2017-06-17,4.445643317356294
2017-06-18,2.384736676526152
2017-06-19,4.2618133178241395
2017-06-20,4.850268369035739
2017-06-21,4.486487190975278
2017-06-22,4.260118237084884
2017-06-23,4.326711904464775
2017-06-24,4.145522419316411
2017-06-25,5.5267522484058675
2017-06-26,4.615489803892411
2017-06-27,4.666695971131335
2017-06-28,4.130322362415224
2017-06-29,4.380848124370072
2017-06-30,4.20826683242805
2017-07-01,4.341998874289246
2017-07-02,4.86318847783966
2017-07-03,4.349658549092264
2017-07-04,4.094806454707718
2017-07-05,4.481772350163985
2017-07-06,4.4837653123211485
2017-07-07,4.164168652804757
2017-07-08,4.923309899688242
2017-07-09,4.63794972187421
2017-07-10,4.621158459907873
2017-07-11,4.295121644453656
2017-07-12,4.309582318133036
2017-07-13,3.9833309886034094
2017-07-14,3.8934850962486376
2017-07-15,4.241188603629836
2017-07-16,3.3675005897486914
2017-07-17,3.608217491000553
2017-07-18,4.340643127735508
2017-07-19,3.7601977189197817
2017-07-20,4.018490244488084
2017-07-21,3.9902203236317084
2017-07-22,3.8439240477245296
2017-07-23,3.9008766598542177
2017-07-24,3.4693005375480364
2017-07-25,1.865151076554004
2017-07-26,2.663479368140771
2017-07-27,3.9839103244713163
2017-07-28,4.525945096400249
2017-07-29,4.174612333834305
2017-07-30,5.072487236350283
2017-07-31,4.90729344796417
2017-08-01,4.794133853332041
2017-08-02,4.536818751235282
2017-08-03,4.735723755208313
2017-08-04,4.500235154454576
2017-08-05,4.162872153501885
2017-08-06,4.339289096806022
2017-08-07,3.916093210916837
2017-08-08,4.815380361342868
2017-08-09,4.56074235796483
2017-08-10,5.244872462728501
2017-08-11,5.89730359647369
2017-08-12,5.710383310363282
2017-08-13,4.260231460269094
2017-08-14,5.774704527117627
2017-08-15,4.213742411287469
2017-08-16,3.7699406603776153
2017-08-17,4.471680848972123
2017-08-18,4.4041183461409625
2017-08-19,4.030188101777142
2017-08-20,4.225084793061394
2017-08-21,5.433629150135611
2017-08-22,5.632935581481404
2017-08-23,5.291273113919402
2017-08-24,4.108890903435865
2017-08-25,4.295289618989657
2017-08-26,3.9661671260743288
2017-08-27,3.8060164272651424
2017-08-28,3.8153160154244468
2017-08-29,2.8368366074212736
2017-08-30,5.043118093580575
2017-08-31,4.4513695775139706
2017-09-01,4.190981947839073
2017-09-02,4.056482314334093
2017-09-03,3.763047893263788
2017-09-04,4.216950858487165
2017-09-05,3.886649201428724
2017-09-06,3.882899010452381
2017-09-07,3.5957660754885827
2017-09-08,4.7274752341800985
2017-09-09,4.0639642358687125
2017-09-10,4.0593996774575745
2017-09-11,4.199218649593064
2017-09-12,5.437673887969057
2017-09-13,4.735337788889483
2017-09-14,3.1924798696765677
2017-09-15,1.2026773002118667
2017-09-16,3.866573764770955
2017-09-17,3.4632834898893483
2017-09-18,5.200450548810366
2017-09-19,3.9290400260857177
2017-09-20,4.1295494518918625
2017-09-21,3.875464474789213
2017-09-22,3.76341091207214
2017-09-23,3.6808458950794907
2017-09-24,3.830612712876798
2017-09-25,3.013275555874912
2017-09-26,4.823693171131231
2017-09-27,3.809820715377353
2017-09-28,3.758707053593666
2017-09-29,3.6601895839988456
2017-09-30,3.539445123890637
2017-10-01,3.3933309617830836
2017-10-02,2.9746643643816877
2017-10-03,3.319033539154056
2017-10-04,2.7421180330117827
2017-10-05,3.474055961488438
2017-10-06,3.442424648739201
2017-10-07,3.319979341031094
2017-10-08,4.4402241672143035
2017-10-09,3.331308033017281
2017-10-10,3.0511883970289486
2017-10-11,3.1449479535319256
2017-10-12,3.2025868168834988
2017-10-13,4.4523194628826
2017-10-14,3.9706208597449955
2017-10-15,3.3987534707371894
2017-10-16,3.0939945046036406
2017-10-17,3.2465544519001033
2017-10-18,4.556517543207156
2017-10-19,4.378821781125972
2017-10-20,4.419621121247703
2017-10-21,4.457481801323251
2017-10-22,4.412095885111629
2017-10-23,4.27471074220196
2017-10-24,4.271330236446841
2017-10-25,4.3755284427574646
2017-10-26,4.494944626693717
2017-10-27,4.3598518766245045
2017-10-28,4.476483356204316
2017-10-29,4.578610368679473
2017-10-30,4.154320004086139
2017-10-31,3.080069440951399
2017-11-01,3.028012525842053
2017-11-02,4.260702860662466
2017-11-03,3.452982241809294
2017-11-04,2.4495463310892944
2017-11-05,2.5125147795487504
2017-11-06,4.042413234131093
2017-11-07,3.616350948070185
2017-11-08,3.554831804318486
2017-11-09,3.436739512711414
2017-11-10,3.1546800996838438
2017-11-11,3.8205679220880344
2017-11-12,3.554022600798691
2017-11-13,3.829147456481769
2017-11-14,3.101445326250979
2017-11-15,3.1176866931446057
2017-11-16,3.764214041437044
2017-11-17,3.7355068276066805
2017-11-18,3.2897716909603356
2017-11-19,2.801954905128038
2017-11-20,2.9232564404925414
2017-11-21,3.614742803637664
2017-11-22,3.0877209068080993
2017-11-23,3.0643428380463056
2017-11-24,3.5659080706024757
2017-11-25,3.770376281216886
2017-11-26,4.007997197775631
2017-11-27,4.0060654695175755
2017-11-28,3.794393280062042
2017-11-29,3.7018198337660517
2017-11-30,3.6892837955779414
2017-12-01,3.916516502206759
2017-12-02,3.5025363504675635
2017-12-03,3.4167982046258354
2017-12-04,3.0551750329218192
2017-12-05,2.858249772108985
2017-12-06,3.8251404379167697
2017-12-07,3.7617467939328377
2017-12-08,3.542632310362895
2017-12-09,3.3415444540306916
2017-12-10,3.597007068584902
2017-12-11,2.799695274255563
2017-12-12,3.2060258209539727
2017-12-13,3.4565262628617432
2017-12-14,2.3414770769348436
2017-12-15,3.815303284137097
2017-12-16,3.463239780488667
2017-12-17,3.3051394334632582
2017-12-18,3.5679661399497578
2017-12-19,3.6430050814250348
2017-12-20,3.57347539659836
2017-12-21,3.7538615903767645
2017-12-22,3.428169841256588
2017-12-23,3.328128356372441
2017-12-24,3.351611291568406
2017-12-25,2.962910295635644
2017-12-26,2.051009446631914
2017-12-27,2.8459393210042294
2017-12-28,2.5359392461470147
2017-12-29,3.40923295740489
2017-12-30,3.6051665384748155
2017-12-31,3.8325609751286946
2018-01-01,3.166225539539517
2018-01-02,3.2811147636648625
2018-01-03,3.1672769516512806
2018-01-04,3.750945601487781
2018-01-05,2.990672897633322
2018-01-06,2.7529451492104298
2018-01-07,1.929556391001448
2018-01-08,3.1548887942342856
2018-01-09,3.983079545948468
2018-01-10,3.8845643517881023
2018-01-11,3.785370950319714
2018-01-12,3.9226671562680053
2018-01-13,3.7686329306099977
2018-01-14,3.8023459074178816
2018-01-15,3.403883052585745
2018-01-16,2.9129819965461916
2018-01-17,3.374399348084887
2018-01-18,3.8334727254651226
2018-01-19,3.7769065650458558
2018-01-20,3.70415008327186
2018-01-21,3.4032303271673423
2018-01-22,3.15713701585789
2018-01-23,3.56057472689643
2018-01-24,3.904518806613096
2018-01-25,2.8059293620120016
2018-01-26,3.3437824353578316
2018-01-27,3.3953189848710057
2018-01-28,3.571237067149527
2018-01-29,3.8503778159536184
2018-01-30,3.7979606548025826
2018-01-31,3.2990896515219825
2018-02-01,4.121344971917003
2018-02-02,4.270743292101072
2018-02-03,4.205387601852766
2018-02-04,4.723893409094375
2018-02-05,4.434534454832923
2018-02-06,3.4053227157652963
2018-02-07,4.500076883617012
2018-02-08,4.257494272227222
2018-02-09,4.156663171451615
2018-02-10,4.224560418353596
2018-02-11,4.9098456884827275
2018-02-12,4.591567802090292
2018-02-13,4.855317000805349
2018-02-14,4.081958323018403
2018-02-15,3.5896638170182458
2018-02-16,4.0431591189111264
2018-02-17,4.408146034126771
2018-02-18,2.7749321072073854
2018-02-19,3.4032767223346503
2018-02-20,3.3431529949652496
2018-02-21,3.229463500274275
2018-02-22,3.5949147406043402
2018-02-23,3.1922894781546303
2018-02-24,3.415608622466359
2018-02-25,3.927792551324992
2018-02-26,3.6413560633240802
2018-02-27,3.372491521407062
2018-02-28,3.8636315668550716
2018-03-01,3.769795526248706
2018-03-02,2.62819370717451
2018-03-03,3.794267884115821
2018-03-04,4.019941764021459
2018-03-05,3.169658257597196
2018-03-06,2.7217153789170254
2018-03-07,4.326732216314759
2018-03-08,3.90645382744302
2018-03-09,4.869913872603479
2018-03-10,4.673869930662744
2018-03-11,4.717119487587465
2018-03-12,5.083869342470782
2018-03-13,4.2744795689452815
2018-03-14,3.449238171575963
2018-03-15,3.6192544791117336
2018-03-16,4.159091134608649
2018-03-17,2.6067652704887396
2018-03-18,5.185648219821049
2018-03-19,3.84251982097915
2018-03-20,3.5648432809175983
2018-03-21,2.433818562998738
2018-03-22,5.574747769532302
2018-03-23,4.569393157762185
2018-03-24,5.756587083674212
2018-03-25,5.695410381605403
2018-03-26,4.326988297166358
2018-03-27,5.320901382839255
2018-03-28,4.320580116219934
2018-03-29,3.19307406157073
2018-03-30,3.4038069744911197
2018-03-31,5.469324240344097
2018-04-01,5.628088243720602
2018-04-02,5.794739239158477
2018-04-03,6.045847855045586
2018-04-04,5.875380650245387
2018-04-05,4.6406467335658865
2018-04-06,4.459054617002698
2018-04-07,4.091601251771774
2018-04-08,6.5379135768505865
2018-04-09,6.306365449212348
2018-04-10,6.376694422933502
2018-04-11,6.3328838413390045
2018-04-12,5.518559246478665
2018-04-13,5.069813566551427
2018-04-14,4.77842436965407
2018-04-15,3.847045200136487
2018-04-16,6.205719960037829
2018-04-17,4.724234712484282
2018-04-18,5.986422800590152
2018-04-19,4.527174271901928
2018-04-20,4.512484505407552
2018-04-21,3.9974056851660498
2018-04-22,6.130573643102251
2018-04-23,6.053513887782712
2018-04-24,5.770809602230137
2018-04-25,3.690513612253814
2018-04-26,3.9191981416948343
2018-04-27,4.731397495076252
2018-04-28,4.30595934562223
2018-04-29,2.9679531704341904
2018-04-30,3.802746693146264
2018-05-01,4.656600732609899
2018-05-02,5.553027837461995
2018-05-03,5.496671473355994
2018-05-04,5.63380624583616
2018-05-05,4.4270063297732785
2018-05-06,4.247283920038662
2018-05-07,4.630441968325195
2018-05-08,6.0966494945746925
2018-05-09,4.731888095632444
2018-05-10,1.6378555538854065
2018-05-11,4.372711098423846
2018-05-12,5.813962013910979
2018-05-13,4.549329136540766
2018-05-14,3.3262261655611334
2018-05-15,6.14413777870009
2018-05-16,5.646035188762027
2018-05-17,4.471282040346502
2018-05-18,5.659331055711817
2018-05-19,5.371201148757438
2018-05-20,4.4691551657231114
2018-05-21,4.766371614290504
2018-05-22,3.96740510565592
2018-05-23,4.719677784734432
2018-05-24,4.5427282125411725
2018-05-25,5.720864656965641
2018-05-26,3.942627128599561
2018-05-27,4.800322275445294
2018-05-28,4.407275189250271
2018-05-29,4.132974540980069
2018-05-30,4.326872690120877
2018-05-31,4.179385233199417
2018-06-01,4.523254346613907
2018-06-02,4.5151985273985
2018-06-03,4.196624903844018
2018-06-04,3.617733433455383
2018-06-05,4.105088444152493
2018-06-06,4.326875156105606
2018-06-07,4.354609470080321
2018-06-08,3.9305341120419803
2018-06-09,4.393795833073368
2018-06-10,4.227149691319319
2018-06-11,3.8084141938680958
2018-06-12,4.162554399627076
2018-06-13,5.685089046915694
2018-06-14,4.2735869354190195
2018-06-15,3.8507974451243787
2018-06-16,4.3103154607197025
2018-06-17,4.478845602012495
2018-06-18,5.616633757915739
2018-06-19,5.040610080420295
2018-06-20,5.10073854929954
2018-06-21,4.239571141720019
2018-06-22,5.714389027783406
2018-06-23,5.8909889033939695
2018-06-24,3.7825200633797493
2018-06-25,4.053997217837494
2018-06-26,2.89625565423837
2018-06-27,4.148620001712097
2018-06-28,5.687861893091242
2018-06-29,6.086433156669362
2018-06-30,4.543718887482103
2018-07-01,4.56927372381003
2018-07-02,4.779573959463209
2018-07-03,5.135951288512727
2018-07-04,5.385236912336123
2018-07-05,5.653269840850908
2018-07-06,5.54379331375976
2018-07-07,4.4099354696389454
2018-07-08,2.7113604810535117
2018-07-09,3.712609940963783
2018-07-10,3.947919079873607
2018-07-11,2.895560650960925
2018-07-12,3.1532334336283707
2018-07-13,3.819929898280498
2018-07-14,3.9340240069573813
2018-07-15,3.6398698500522655
2018-07-16,2.628910331020724
2018-07-17,2.002073233916404
2018-07-18,3.9417733833529747
2018-07-19,4.186219646545237
2018-07-20,4.481500289189141
2018-07-21,3.9487709266771867
2018-07-22,3.238988181653732
2018-07-23,4.354230093474403
2018-07-24,4.003340773517618
2018-07-25,4.692593154809944
2018-07-26,4.067478887876142
2018-07-27,3.8718352268673115
2018-07-28,3.9882547496680982
2018-07-29,4.154728409991997
2018-07-30,4.794394976662598
2018-07-31,4.6416063344046
2018-08-01,4.474281670514795
2018-08-02,4.654144397891269
2018-08-03,4.507913692063526
2018-08-04,5.915215086956204
2018-08-05,4.219079491258962
2018-08-06,4.2132421071051365
2018-08-07,4.504824358242024
2018-08-08,4.350546704804594
2018-08-09,2.5969737690154604
2018-08-10,4.009876930350016
2018-08-11,3.6697721355389685
2018-08-12,4.0808932995025895
2018-08-13,2.5561093108695983
2018-08-14,3.3399900910948825
2018-08-15,4.075161169560672
2018-08-16,4.64443553720192
2018-08-17,3.923989606958797
2018-08-18,4.581694994565706
2018-08-19,4.560537575193236
2018-08-20,4.366185987335033
2018-08-21,5.305513154105643
2018-08-22,3.9022143841103123
2018-08-23,4.117468135576708
2018-08-24,4.343236385822988
2018-08-25,3.974573650083335
2018-08-26,3.565077457484642
2018-08-27,3.7907510264495485
2018-08-28,4.4990070619890545
2018-08-29,3.955909628398336
2018-08-30,4.313339694713072
2018-08-31,5.675437950171316
2018-09-01,5.330582052895241
2018-09-02,4.252504722573801
2018-09-03,3.2989479410618814
2018-09-04,4.916563385620933
2018-09-05,4.594375615824504
2018-09-06,5.563801508295744
2018-09-07,3.951036908613765
2018-09-08,4.232669407548255
2018-09-09,3.9589693868424285
2018-09-10,4.200365236841709
2018-09-11,3.6862621308553205
2018-09-12,3.8992431055921375
2018-09-13,3.6962125116134774
2018-09-14,3.9738925149232083
2018-09-15,5.217583658251467
2018-09-16,4.6558517111959805
2018-09-17,3.8533939701658264
2018-09-18,3.1291946966233843
2018-09-19,3.8101196022101296
2018-09-20,5.283960602422557
2018-09-21,3.9169100420674723
2018-09-22,3.7407184680690655
2018-09-23,3.6957791716238244
2018-09-24,3.276761043020033
2018-09-25,5.201777810961873
2018-09-26,5.169451999156024
2018-09-27,3.9949428585813305
2018-09-28,3.8631140124433005
2018-09-29,4.384025531830002
2018-09-30,4.695399666268057
2018-10-01,3.3379525033863175
2018-10-02,4.213192211039682
2018-10-03,4.531692392950106
2018-10-04,3.8609487609417097
2018-10-05,4.810471199910877
2018-10-06,4.808749583471589
2018-10-07,4.728389365396563
2018-10-08,4.76245355580642
2018-10-09,4.630310348182787
2018-10-10,4.823524405744426
2018-10-11,4.554083235656969
2018-10-12,4.625916061910572
2018-10-13,3.577068228036721
2018-10-14,3.583373014499874
2018-10-15,3.853919260878394
2018-10-16,3.3807441178621733
2018-10-17,2.92649815469005
2018-10-18,3.2905978164473506
2018-10-19,3.2517291563074995
2018-10-20,3.3463953456639937
2018-10-21,3.890138163434737
2018-10-22,3.328185545532457
2018-10-23,3.280268921075124
2018-10-24,4.217963584685372
2018-10-25,4.095489265785697
2018-10-26,4.289992553211335
2018-10-27,4.382511974206191
2018-10-28,4.26896338204257
2018-10-29,4.293009388808166
2018-10-30,4.022970927685143
2018-10-31,4.381383406232096
2018-11-01,4.2818241136489466
2018-11-02,4.307307618803569
2018-11-03,3.849802076876661
2018-11-04,3.8773072789597887
2018-11-05,4.13969389679032
2018-11-06,4.571335822618781
2018-11-07,3.2603270837631353
2018-11-08,3.073895318000744
2018-11-09,3.2490407896255493
2018-11-10,3.4670615579490844
2018-11-11,3.8440751671754225
2018-11-12,3.5437347484874384
2018-11-13,3.3265469776416197
2018-11-14,3.5255278183066383
2018-11-15,3.5901322588841236
2018-11-16,3.5425531096571854
2018-11-17,3.351993651839022
2018-11-18,2.62465746383668
2018-11-19,3.0459126653811524
2018-11-20,3.132989528830877
2018-11-21,3.1728652765701244
2018-11-22,3.3294592171415096
2018-11-23,2.739833102322293
2018-11-24,3.7849011821719163
2018-11-25,3.5072687670910128
2018-11-26,2.343583421248211
2018-11-27,2.3024135342494487
2018-11-28,3.0134628446204297
2018-11-29,3.6235549931802713
2018-11-30,3.8066247723669826
2018-12-01,3.593769254264389
2018-12-02,3.714542404124899
2018-12-03,3.7743259464215497
2018-12-04,3.8466591125978895
2018-12-05,3.630197584072757
2018-12-06,3.8770130356353
2018-12-07,2.894019450303454
2018-12-08,3.120358863862122
2018-12-09,3.5765476590811422
2018-12-10,3.6510488982547393
2018-12-11,3.6675459127205867
2018-12-12,3.4368399401960206
2018-12-13,3.923632048787249
2018-12-14,4.000479256346979
2018-12-15,4.01838225698395
2018-12-16,3.7989336943540235
2018-12-17,3.6232175340882042
2018-12-18,3.8346619950338248
2018-12-19,3.7405854568640433
2018-12-20,3.4158276822622993
2018-12-21,3.4296861821685707
2018-12-22,3.7614611665977
2018-12-23,3.8104843112310367
2018-12-24,3.770624642602507
2018-12-25,3.6433603757303197
2018-12-26,3.613473340988009
2018-12-27,3.2094503748644776
2018-12-28,2.6438299450399807
2018-12-29,3.34520077172711
2018-12-30,3.749111979387229
2018-12-31,3.67510113426858
2019-01-01,4.088044445083684
2019-01-02,3.8468975619793975
2019-01-03,3.588230951421769
2019-01-04,2.946584923269322
2019-01-05,4.143573065540849
2019-01-06,3.762945281449511
2019-01-07,3.9574204485169413
2019-01-08,3.779249649752225
2019-01-09,3.1970361127130555
2019-01-10,3.843295725121952
2019-01-11,3.966246704638422
2019-01-12,3.9131638274077254
2019-01-13,4.023967331998514
2019-01-14,3.9294001077239016
2019-01-15,4.205692625725714
2019-01-16,3.747133255921698
2019-01-17,4.551976281083419
2019-01-18,4.089327974307813
2019-01-19,4.1800394065366095
2019-01-20,4.095831834703343
2019-01-21,4.637704730472035
2019-01-22,4.60075884074104
2019-01-23,4.3562702003961125
2019-01-24,4.262974017867324
2019-01-25,4.56770817499563
2019-01-26,4.68699791949212
2019-01-27,4.448857952165409
2019-01-28,4.388082615525005
2019-01-29,4.281623253244049
2019-01-30,4.285315987766967
2019-01-31,4.5869125841474405
2019-02-01,4.460915778207474
2019-02-02,3.526429630475408
2019-02-03,4.0380405544185685
2019-02-04,3.892880228369868
2019-02-05,4.132533099726262
2019-02-06,3.9595080855029265
2019-02-07,4.021043415252589
2019-02-08,4.028949284123757
2019-02-09,3.793835603487437
2019-02-10,3.805588116447056
2019-02-11,4.312363520053911
2019-02-12,3.9413923279314136
2019-02-13,4.1780367341137765
2019-02-14,3.9929571460786937
2019-02-15,4.004727700906416
2019-02-16,4.063048024711331
2019-02-17,4.305502558600981
2019-02-18,4.232918824787576
2019-02-19,4.076737866614021
2019-02-20,4.0068007752658135
2019-02-21,3.8201662645409273
2019-02-22,4.212619148525899
2019-02-23,3.9112269809493876
2019-02-24,3.775774355204755
2019-02-25,3.8648725427838864
2019-02-26,3.7206218829528157
2019-02-27,4.2373983816056064
2019-02-28,4.3183843559063195
2019-03-01,4.823431064427324
2019-03-02,4.987752430981554
2019-03-03,4.7949541008743655
2019-03-04,4.686962390943816
2019-03-05,5.187559025029505
2019-03-06,5.422190930814474
2019-03-07,5.18426824212584
2019-03-08,5.4502429526462635
2019-03-09,6.189046244409845
2019-03-10,5.476679306706266
2019-03-11,5.1742363561711455
2019-03-12,5.340947084983216
2019-03-13,4.914695073816812
2019-03-14,5.096297406812446
2019-03-15,4.912811934381581
2019-03-16,4.7307865774213065
2019-03-17,4.980655026419405
2019-03-18,5.495542368939289
2019-03-19,5.705878498337925
2019-03-20,5.461183102446563
2019-03-21,5.714835797226065
2019-03-22,4.415791822802936
2019-03-23,4.065125581513483
2019-03-24,2.252187360247642
2019-03-25,4.404410628284818
2019-03-26,4.811389034918214
2019-03-27,5.266465167270882
2019-03-28,5.851342686879626
2019-03-29,4.0346718932858385
2019-03-30,4.144283409303792
2019-03-31,2.7784819959298344
2019-04-01,4.564366452899352
2019-04-02,5.541831483047043
2019-04-03,4.433045355300786
2019-04-04,4.419099347241791
2019-04-05,5.869414473791137
2019-04-06,6.103861947850333
2019-04-07,5.564440055858317
2019-04-08,5.935044526116967
2019-04-09,5.660214305087128
2019-04-10,6.151698215253389
2019-04-11,4.698676067638569
2019-04-12,5.983699179837894
2019-04-13,5.893496388593486
2019-04-14,4.075321710354728
2019-04-15,4.54195692693065
2019-04-16,6.181646411847346
2019-04-17,5.685062402809066
2019-04-18,6.208089402516961
2019-04-19,6.00130202343837
2019-04-20,6.487019244533897
2019-04-21,5.907709685535641
2019-04-22,5.542846263322615
2019-04-23,6.107704992529919
2019-04-24,6.560284097439474
2019-04-25,5.135737848085029
2019-04-26,4.957640532261561
2019-04-27,4.79241931339373
2019-04-28,5.771055394553809
2019-04-29,6.371137159957064
2019-04-30,5.967373699451723
2019-05-01,6.05993396258271
2019-05-02,4.8607725360180485
2019-05-03,6.169971316899745
2019-05-04,4.404684606024072
2019-05-05,5.087027415429206
2019-05-06,4.747404919664452
2019-05-07,5.664453165576088
2019-05-08,4.128396235412311
2019-05-09,4.3928143513107365
2019-05-10,3.5443900743097614
2019-05-11,4.060017173249771
2019-05-12,5.674329340215854
2019-05-13,4.4810086532252695
2019-05-14,5.628469420339848
2019-05-15,5.553495967008616
2019-05-16,5.716418898273688
2019-05-17,6.051994378901661
2019-05-18,5.710452511694699
2019-05-19,5.869489277291289
2019-05-20,6.07993462045788
2019-05-21,2.9533696161894847
2019-05-22,3.346823722467884
2019-05-23,4.482236021622826
2019-05-24,5.775899878993572
2019-05-25,5.723158315562725
2019-05-26,4.42322965948501
2019-05-27,4.3940444053251495
2019-05-28,4.594399014304301
2019-05-29,4.166878048273049
2019-05-30,5.582263361050195
2019-05-31,4.181743736108942
2019-06-01,3.783108667582622
2019-06-02,5.623919756223793
2019-06-03,5.964068254740689
2019-06-04,4.437360242783598
2019-06-05,4.476029094253067
2019-06-06,6.062945157085812
2019-06-07,5.966693848539259
2019-06-08,5.673538131944647
2019-06-09,5.4361064533927435
2019-06-10,5.953130266377228
2019-06-11,4.620244694916983
2019-06-12,6.28808361891851
2019-06-13,4.781315886075228
2019-06-14,4.3817812217385
2019-06-15,4.1416964627649975
2019-06-16,3.9249834597765325
2019-06-17,4.1866170514755
2019-06-18,4.427950894363382
2019-06-19,5.936858842165552
2019-06-20,5.739262887008159
2019-06-21,5.46499247549874
2019-06-22,4.35075159915675
2019-06-23,5.6117878190233705
2019-06-24,5.50253958313452
2019-06-25,4.3445345176938215
2019-06-26,6.03844742942258
2019-06-27,4.015723027659551
2019-06-28,5.8139159549777215
2019-06-29,5.428673926473058
2019-06-30,5.243803967505482
2019-07-01,4.000952803950345
2019-07-02,3.092960644089269
2019-07-03,1.7764999265907861
2019-07-04,4.263536219670972
2019-07-05,5.899536120313222
2019-07-06,6.2566387390259255
2019-07-07,5.958826998292641
2019-07-08,5.553827576207129
2019-07-09,4.528092208137007
2019-07-10,4.515699156738519
2019-07-11,4.621303393460034
2019-07-12,6.326222852418259
2019-07-13,5.818335074067203
2019-07-14,4.444323583519704
2019-07-15,6.524523920858342
2019-07-16,4.935084793116923
2019-07-17,4.316788568003113
2019-07-18,6.260847958359236
2019-07-19,5.553598578407101
2019-07-20,6.070162032613331
2019-07-21,4.331099275809012
2019-07-22,3.9087131797030814
2019-07-23,4.699928515875025
2019-07-24,4.386919330240622
2019-07-25,4.350952376027401
2019-07-26,4.631454872782441
2019-07-27,4.517995104158827
2019-07-28,4.2379018784772935
2019-07-29,3.9064421045054836
2019-07-30,4.561463924332791
2019-07-31,3.2851286468914562
2019-08-01,3.272809712578484
2019-08-02,3.8135067486187824
2019-08-03,5.146743556541583
2019-08-04,4.300032661880889
2019-08-05,4.30673719338675
2019-08-06,4.804612240019121
2019-08-07,4.697978669925394
2019-08-08,5.593685421620551
2019-08-09,4.336787860710751
2019-08-10,4.672183595208606
2019-08-11,4.7152159804151506
2019-08-12,5.689788079173498
2019-08-13,3.5803486305533676
2019-08-14,4.132534809807321
2019-08-15,4.686593236064506
2019-08-16,4.467178970701249
2019-08-17,3.7950798177304343
2019-08-18,5.6599182628980245
2019-08-19,4.357103236121133
2019-08-20,3.7724817912990876
2019-08-21,4.745467327751604
2019-08-22,3.7288961915220975
2019-08-23,3.765848739072067
2019-08-24,3.06809625289608
2019-08-25,3.7984536323400575
2019-08-26,3.596290839276279
2019-08-27,5.648667090536775
2019-08-28,3.8034064720844944
2019-08-29,2.3702956949265137
2019-08-30,2.907575961189693
2019-08-31,4.165240809327383
2019-09-01,4.242869129342833
2019-09-02,1.1458538759927457
2019-09-03,1.4878782732055522
2019-09-04,1.8177953903135486
2019-09-05,3.4115257035614652
2019-09-06,4.9554733393954065
2019-09-07,4.034283032465113
2019-09-08,4.040390873014701
2019-09-09,3.785258336409764
2019-09-10,3.16090235563736
2019-09-11,3.5889537768707953
2019-09-12,4.339728330472095
2019-09-13,4.611337991611162
2019-09-14,4.131691309684875
2019-09-15,4.206745605948961
2019-09-16,3.3194662386027307
2019-09-17,4.806391591030921
2019-09-18,3.8151298969289202
2019-09-19,3.918445611579084
2019-09-20,3.561787796007037
2019-09-21,3.5814906926571077
2019-09-22,3.2041363334388837
2019-09-23,5.315761110629926
2019-09-24,5.009671422074355
2019-09-25,5.617723819305896
2019-09-26,5.497097321476076
2019-09-27,5.360412496547273
2019-09-28,4.928585809396512
2019-09-29,4.628888936886089
2019-09-30,5.302044262204933
2019-10-01,4.888998082278397
2019-10-02,4.739662884750399
2019-10-03,3.3130674273610228
2019-10-04,3.4818663740786278
2019-10-05,3.669454610594084
2019-10-06,3.9680850188727637
2019-10-07,3.5217635530471316
2019-10-08,3.702795458735399
2019-10-09,3.361094130386412
2019-10-10,3.395050709428754
2019-10-11,4.176529325244252
2019-10-12,4.256787629591425
2019-10-13,3.9061745502883953
2019-10-14,4.803161041520023
2019-10-15,3.6544272466362027
2019-10-16,3.6728950677996055
2019-10-17,4.4024556615148995
2019-10-18,4.634677941131923
2019-10-19,4.587090347439853
2019-10-20,4.50610652855082
2019-10-21,3.9409291072795356
2019-10-22,4.314386970413849
2019-10-23,4.264553032434752
2019-10-24,3.959321497068467
2019-10-25,4.285790139641074
2019-10-26,4.05040737820335
2019-10-27,4.202103621957357
2019-10-28,4.268291909457377
2019-10-29,3.3593399686979963
2019-10-30,3.243883202609779
2019-10-31,2.3370613526007715
2019-11-01,4.216114096095433
2019-11-02,2.788180229875339
2019-11-03,3.125547736563187
2019-11-04,3.5277772450346907
2019-11-05,3.9277583307998807
2019-11-06,3.655053526733827
2019-11-07,3.510168860114387
2019-11-08,3.7546309417719503
2019-11-09,3.8231144393155763
2019-11-10,3.1494837047670576
2019-11-11,2.4066886190671264
2019-11-12,2.5876014760509225
2019-11-13,3.6416812459544063
2019-11-14,3.911096792052771
2019-11-15,3.368474254674801
2019-11-16,3.8330730509306545
2019-11-17,3.6606182067470026
2019-11-18,3.676568875678524
2019-11-19,3.9328502429548977
2019-11-20,3.616878312105067
2019-11-21,3.972122467599875
2019-11-22,3.8960578741780703
2019-11-23,3.89186007019995
2019-11-24,4.091513479837236
2019-11-25,3.9070358764729782
2019-11-26,3.937744509253185
2019-11-27,3.878363783469826
2019-11-28,3.394670528746384
2019-11-29,3.0563766930110017
2019-11-30,3.4849558347486425
2019-12-01,3.8010247078889123
2019-12-02,3.5660935364768385
2019-12-03,3.5061350348822327
2019-12-04,3.5170820671615535
2019-12-05,3.666114009017911
2019-12-06,3.602769785057146
2019-12-07,3.7715698297954505
2019-12-08,3.4813371267692093
2019-12-09,3.632190039114103
2019-12-10,3.59128085913244
2019-12-11,3.050416616560813
2019-12-12,3.7885988305035934
2019-12-13,3.8785748067000583
2019-12-14,3.988847229732025
2019-12-15,3.837333517460724
2019-12-16,3.231055170487971
2019-12-17,3.9198261966364365
2019-12-18,2.8059778916391873
2019-12-19,3.5911407142173317
2019-12-20,3.6392608200985763
2019-12-21,3.7402889827541634
2019-12-22,3.609489984422057
2019-12-23,3.367839139678984
2019-12-24,3.733154795864008
2019-12-25,3.584284012621569
2019-12-26,3.598040882662569
2019-12-27,3.8614391048604633
2019-12-28,3.658362391317433
2019-12-29,3.4854472225194515
2019-12-30,3.4578162469669076
2019-12-31,3.538025075612552
2020-01-01,3.540275840581619
2020-01-02,3.350332685376762
2020-01-03,3.8901977363821394
2020-01-04,3.2382185414363316
2020-01-05,3.8159489285123716
2020-01-06,3.790363524265414
2020-01-07,3.899776174230027
2020-01-08,3.7180390342293745
2020-01-09,3.693061581739664
2020-01-10,3.9142210539427413
2020-01-11,2.999103024998199
2020-01-12,3.8512562433546327
2020-01-13,3.796540308765592
2020-01-14,3.947602041764001
2020-01-15,3.532543388429148
2020-01-16,3.8539800136881257
2020-01-17,4.010282305884003
2020-01-18,3.9018307146741753
2020-01-19,3.3032133114131565
2020-01-20,3.3183911427970525
2020-01-21,3.1413036176444975
2020-01-22,3.203788438065806
2020-01-23,3.0318636571215087
2020-01-24,3.575838968590282
2020-01-25,3.251852401975034
2020-01-26,2.8788947993357645
2020-01-27,3.4033673854826514
2020-01-28,3.304752456897703
2020-01-29,3.2331525466124305
2020-01-30,3.610717868305636
2020-01-31,4.319286647155307
2020-02-01,4.4207469493918765
2020-02-02,4.443533324108458
2020-02-03,4.220342501323768
2020-02-04,4.20125925647739
2020-02-05,4.287522899265118
2020-02-06,3.9878652762735824
2020-02-07,4.684809854317123
2020-02-08,5.2278806989223
2020-02-09,4.382181480395838
2020-02-10,3.302117700305077
2020-02-11,3.197635240151536
2020-02-12,3.664571773030621
2020-02-13,4.1368624841492165
2020-02-14,4.291396717099142
2020-02-15,4.365693733467542
2020-02-16,4.5784048703240785
2020-02-17,4.869742726137224
2020-02-18,5.238956359021876
2020-02-19,4.980763515910346
2020-02-20,5.502765064442841
2020-02-21,5.293322937508837
2020-02-22,5.669044953002069
2020-02-23,5.337550156079216
2020-02-24,5.0689346419260355
2020-02-25,4.333034261457883
2020-02-26,4.4314012605573305
2020-02-27,4.5135785210121275
2020-02-28,3.7636485207685135
2020-02-29,4.628401793418693
2020-03-01,4.854810577645309
2020-03-02,4.09350435495954
2020-03-03,4.026490495707998
2020-03-04,4.144164632411778
2020-03-05,4.2413114175822955
2020-03-06,3.345094933428448
2020-03-07,5.611737466280951
2020-03-08,5.869989721340695
2020-03-09,5.6862213979635605
2020-03-10,3.6230478103384427
2020-03-11,4.977288251920069
2020-03-12,4.799895633584107
2020-03-13,5.207885239672597
2020-03-14,3.982010638696345
2020-03-15,3.829695078443694
2020-03-16,4.272710698468594
2020-03-17,5.197264922523029
2020-03-18,4.453985126506078
2020-03-19,5.050670681470592
2020-03-20,3.8173740443101343
2020-03-21,5.490162597313534
2020-03-22,5.537323906577421
2020-03-23,5.51475213711885
2020-03-24,4.910609605356525
2020-03-25,5.449416702970059
2020-03-26,5.30967820331408
2020-03-27,5.337449730891012
2020-03-28,5.400564965274682
2020-03-29,5.3011554744537
2020-03-30,5.293803002476246
2020-03-31,5.52303536923267
2020-04-01,4.037804096739927
2020-04-02,5.8048697024411515
2020-04-03,5.961035200541975
2020-04-04,5.765257389921713
2020-04-05,5.901112145002496
2020-04-06,4.483472063798527
2020-04-07,4.049020171323691
2020-04-08,5.238276574630194
2020-04-09,5.009840053861043
2020-04-10,4.551480870950709
2020-04-11,4.569621396055741
2020-04-12,4.369665549140173
2020-04-13,5.554927449988763
2020-04-14,5.761927386285638
2020-04-15,4.914793322885143
2020-04-16,6.084475963735167
2020-04-17,4.399619399526699
2020-04-18,5.589918045887474
2020-04-19,4.31453777519208
2020-04-20,6.35786528891115
2020-04-21,6.202197221263678
2020-04-22,4.323564166643783
2020-04-23,4.719996967479769
2020-04-24,5.565489496161463
2020-04-25,6.50947372310094
2020-04-26,6.628528483476865
2020-04-27,6.38780263817633
2020-04-28,6.566126013967074
2020-04-29,6.319407020656757
2020-04-30,6.314593566821847
2020-05-01,6.5049473551345445
2020-05-02,6.5675602240381785
2020-05-03,3.406454482620546
2020-05-04,4.401227748402168
2020-05-05,5.00706430788219
2020-05-06,4.648083682093869
2020-05-07,6.476591429435557
2020-05-08,5.904112492398313
2020-05-09,5.825670022697155
2020-05-10,4.634104987291506
2020-05-11,1.1956597987767241
2020-05-12,6.328311907632318
2020-05-13,4.653770490880588
2020-05-14,5.3640913530249525
2020-05-15,5.573284179497292
2020-05-16,6.167087176700414
2020-05-17,3.722306961294556
2020-05-18,6.161189633827464
2020-05-19,5.987670014640443
2020-05-20,6.4393509284965065
2020-05-21,4.620884982285033
2020-05-22,6.095091210764711
2020-05-23,3.360832886751554
2020-05-24,4.9245379283144315
2020-05-25,4.49161006833522
2020-05-26,4.7295963563303545
2020-05-27,3.8236409552717436
2020-05-28,4.345283779700794
2020-05-29,3.479825237642711
2020-05-30,4.809513899636443
2020-05-31,3.9530074244212074
2020-06-01,3.3390166359778846
2020-06-02,4.565259807021277
2020-06-03,5.886412041392777
2020-06-04,6.296610327579084
2020-06-05,4.414341890729481
2020-06-06,5.540707343041328
2020-06-07,6.08250095820297
2020-06-08,6.284802479000068
2020-06-09,6.019104235855641
2020-06-10,4.74825655444283
2020-06-11,6.196110838036157
2020-06-12,4.663590359111791
2020-06-13,4.777823178980364
2020-06-14,2.9378016968566083
2020-06-15,4.552425712304991
2020-06-16,4.201967427567333
2020-06-17,3.401204545274087
2020-06-18,4.106378251080511
2020-06-19,4.664144321243071
2020-06-20,4.475032627766275
2020-06-21,3.9010649277726523
2020-06-22,6.155876733590996
2020-06-23,5.267860174932727
2020-06-24,5.897722274545554
2020-06-25,4.14939763159578
2020-06-26,4.923041626999154
2020-06-27,5.2814522418117145
2020-06-28,4.33864555261033
2020-06-29,5.698478711481328
2020-06-30,4.418074527989196
2020-07-01,4.439731750949608
2020-07-02,4.258302526315772
2020-07-03,3.5872336623962524
2020-07-04,5.121562734981233
2020-07-05,5.855169112409651
2020-07-06,5.27217929441027
2020-07-07,5.798497514152364
2020-07-08,5.761044384537881
2020-07-09,5.866021260465775
2020-07-10,4.319103460402736
2020-07-11,4.504010142649236
2020-07-12,5.766688127059713
2020-07-13,5.7842891679078265
2020-07-14,4.27455843632648
2020-07-15,4.438570781668666
2020-07-16,3.473524708458692
2020-07-17,5.469373868858689
2020-07-18,4.497324032334948
2020-07-19,6.2664834679039165
2020-07-20,3.5195090696538363
2020-07-21,4.530894834135805
2020-07-22,3.6160144731587605
2020-07-23,4.8001059472182295
2020-07-24,5.298927261572594
2020-07-25,5.43146074283556
2020-07-26,5.661670923456671
2020-07-27,4.325879508742837
2020-07-28,3.8286777148436264
2020-07-29,4.918560481935406
2020-07-30,4.632898913298799
2020-07-31,4.302841293766432
2020-08-01,2.7768462790704134
2020-08-02,4.219890184345671
2020-08-03,4.471459626391396
2020-08-04,4.235086588577255
2020-08-05,4.277625660158043
2020-08-06,4.465086881834699
2020-08-07,4.115065613462845
2020-08-08,4.20632087261418
2020-08-09,4.370453517051972
2020-08-10,4.392389341393714
2020-08-11,4.4968990531592095
2020-08-12,3.3382370815343663
2020-08-13,4.250440949832186
2020-08-14,3.7709219482626937
2020-08-15,3.7107906262402635
2020-08-16,4.314040360617286
2020-08-17,4.47454363400132
2020-08-18,4.442914010601251
2020-08-19,4.404785949830508
2020-08-20,4.068601094989744
2020-08-21,4.203541958368543
2020-08-22,4.214073232082746
2020-08-23,4.375698265718667
2020-08-24,4.339957741048271
2020-08-25,5.762850655768078
2020-08-26,4.560594242766843
2020-08-27,3.7457298577586564
2020-08-28,5.96883621455915
2020-08-29,5.843923565057137
2020-08-30,4.472231844235111
2020-08-31,4.1358114531468635
2020-09-01,4.267159815924135
2020-09-02,5.12139110514322
2020-09-03,4.915288026455242
2020-09-04,4.688177726993446
2020-09-05,3.995820944069156
2020-09-06,4.615452829696961
2020-09-07,5.115147568930073
2020-09-08,4.035672208127217
2020-09-09,3.6643904286945195
2020-09-10,5.07855891755212
2020-09-11,3.7191491125787337
2020-09-12,3.570049511384611
2020-09-13,3.8644043506470047
2020-09-14,3.8317498401135905
2020-09-15,5.442738709081692
2020-09-16,5.031808031151728
2020-09-17,3.237665151708452
2020-09-18,1.2979208583574762
2020-09-19,3.259913943946332
2020-09-20,3.0477673238766214
2020-09-21,3.6288186295049276
2020-09-22,3.645825081425365
2020-09-23,3.9346912086492547
2020-09-24,4.957023025177624
2020-09-25,4.092632911095948
2020-09-26,3.4245572465583023
2020-09-27,4.7203147128021605
2020-09-28,4.642481931084724
2020-09-29,4.3695174481150145
2020-09-30,3.9742284005522324
2020-10-01,3.1585220110785697
2020-10-02,3.3501296023950644
2020-10-03,3.3772241894904598
2020-10-04,3.2950947359707796
2020-10-05,3.6773032292406875
2020-10-06,3.218590598654768
2020-10-07,1.6491521058451426
2020-10-08,2.3029671704110517
2020-10-09,2.8601418047005183
2020-10-10,3.3358080963092562
2020-10-11,1.8635323552674685
2020-10-12,1.869874667614868
2020-10-13,2.2175047339647747
2020-10-14,3.2287435453413806
2020-10-15,3.1507406482697706
2020-10-16,2.0612919421802327
2020-10-17,1.2348509256398228
2020-10-18,2.7931425046169043
2020-10-19,2.668555687403193
2020-10-20,3.0260076910131075
2020-10-21,4.1877432447730785
2020-10-22,4.4739139086679955
2020-10-23,4.488345883744416
2020-10-24,3.652565256591928
2020-10-25,2.14119723086482
2020-10-26,4.101330511469617
2020-10-27,3.3842820671570433
2020-10-28,1.6206978858080676
2020-10-29,2.662606117773633
2020-10-30,4.27765113829153
2020-10-31,3.3946116065228256
2020-11-01,4.314564015335909
2020-11-02,4.13038646543066
2020-11-03,4.384279245968812
2020-11-04,4.04867851444767
2020-11-05,4.144964649574888
2020-11-06,3.209747040532119
2020-11-07,3.722179968241373
2020-11-08,4.16912756138524
2020-11-09,3.9119879763600043
2020-11-10,2.94836556203437
2020-11-11,3.0572125406775097
2020-11-12,3.921528474239142
2020-11-13,3.916682158105398
2020-11-14,4.033335426751296
2020-11-15,2.8698734232047256
2020-11-16,4.003622092526476
2020-11-17,4.039093020055926
2020-11-18,3.8590462652505155
2020-11-19,3.7876535293642712
2020-11-20,3.7967172445762833
2020-11-21,3.5404135285527847
2020-11-22,3.4091688868483097
2020-11-23,3.882286358658538
2020-11-24,3.925319539584474
2020-11-25,3.8142310813293268
2020-11-26,3.826608305831328
2020-11-27,3.802016016827181
2020-11-28,3.826334919132493
2020-11-29,3.2547343730573166
2020-11-30,3.4233775702736096
2020-12-01,3.2394413025217785
2020-12-02,3.596733466224927
2020-12-03,3.6139190263388743
2020-12-04,3.3013674469672045
2020-12-05,3.579098755279352
2020-12-06,3.707489526429819
2020-12-07,3.9312690755521444
2020-12-08,3.588109623984791
2020-12-09,3.6121512381669123
2020-12-10,3.6905842672575937
2020-12-11,3.4641818308031014
2020-12-12,3.542268861415957
2020-12-13,3.383324539949681
2020-12-14,3.422297977621444
2020-12-15,3.5334850944471414
2020-12-16,3.6930594771315954
2020-12-17,3.496627280480572
2020-12-18,3.8044525345656126
2020-12-19,3.0306544940694837
2020-12-20,3.3367415512311798
2020-12-21,2.9731870011234625
2020-12-22,3.5188990642855353
2020-12-23,3.284714909101112
2020-12-24,3.4175983901646956
2020-12-25,3.634710324671503
2020-12-26,3.660989811710748
2020-12-27,3.5715744049187195
2020-12-28,3.7093237944962194
2020-12-29,3.825828373602066
2020-12-30,3.871329750134584
2020-12-31,2.854947560762078
2021-01-01,2.9343001446667225
2021-01-02,2.9617231362657535
2021-01-03,3.306174595266019
2021-01-04,3.229103142352891
2021-01-05,3.202485181983833
2021-01-06,3.5178165852589
2021-01-07,3.2051673368286426
2021-01-08,3.717535577352346
2021-01-09,3.2104683398932687
2021-01-10,3.5746469573079414
2021-01-11,3.8445113604704106
2021-01-12,3.3400220160978495
2021-01-13,3.5555804320145556
2021-01-14,3.7718173058585833
2021-01-15,3.79299349252601
2021-01-16,3.8948972779108435
2021-01-17,4.121557719415707
2021-01-18,3.699349531857103
2021-01-19,3.8114419650789912
2021-01-20,3.8146730930100126
2021-01-21,3.910217324608935
2021-01-22,3.863754649999593
2021-01-23,3.8717522009972596
2021-01-24,3.613261084381598
2021-01-25,4.07273027355616
2021-01-26,4.009653492032392
2021-01-27,3.6809318720653064
2021-01-28,4.914226208046075
2021-01-29,3.8365313433895
2021-01-30,3.748080677674138
2021-01-31,4.019122290876678
2021-02-01,4.032685804182836
2021-02-02,3.9205031760435034
2021-02-03,4.9334797738093386
2021-02-04,4.765403038066931
2021-02-05,4.039931679182307
2021-02-06,4.543962585712211
2021-02-07,3.987365424976693
2021-02-08,3.4807274950488845
2021-02-09,2.9313006772613908
2021-02-10,4.083504680872705
2021-02-11,4.557092701627814
2021-02-12,4.720857027676872
2021-02-13,4.558550523603903
2021-02-14,4.4287472966599335
2021-02-15,4.1573171256354495
2021-02-16,4.2874973604335
2021-02-17,5.179188324402552
2021-02-18,4.413391607747192
2021-02-19,4.518929374184488
2021-02-20,4.80604898353713
2021-02-21,4.660659759707537
2021-02-22,4.361176542748111
2021-02-23,4.615594539435397
2021-02-24,4.562365015450164
2021-02-25,4.758975689275191
2021-02-26,4.804621793413451
2021-02-27,3.8327530822908136
2021-02-28,3.81338917877924
2021-03-01,3.705135607308649
2021-03-02,3.406235991646093
2021-03-03,3.8173398617204066
2021-03-04,3.776810367065365
2021-03-05,3.992254512662682
2021-03-06,4.1343401181314094
2021-03-07,4.1256258731685955
2021-03-08,3.472700606006339
2021-03-09,4.675813595450736
2021-03-10,5.0001150329078445
2021-03-11,5.1938193687239105
2021-03-12,5.505887564311857
2021-03-13,5.273984777799307
2021-03-14,4.374336939246874
2021-03-15,5.252776946495125
2021-03-16,4.4580798944395355
2021-03-17,4.677937164773807
2021-03-18,4.920823749954159
2021-03-19,5.1430053680836165
2021-03-20,5.170399337506197
2021-03-21,3.4850048159662657
2021-03-22,5.237497942431336
2021-03-23,6.389694863753344
2021-03-24,6.0047746339154635
2021-03-25,5.906534893092789
2021-03-26,5.2336070621476924
2021-03-27,5.40647825907424
2021-03-28,5.395736916502784
2021-03-29,4.980685411698232
2021-03-30,4.933860549064794
2021-03-31,5.7192825333763455
2021-04-01,4.593729469096126
2021-04-02,3.775380044284461
2021-04-03,5.443839437969408
2021-04-04,4.3863541038376805
2021-04-05,5.682762561934947
2021-04-06,5.894552680845388
2021-04-07,5.2660216265596524
2021-04-08,4.605644212085508
2021-04-09,4.647690807536218
2021-04-10,5.610533752982073
2021-04-11,5.803709251532917
2021-04-12,5.9529717726590885
2021-04-13,5.659698118614676
2021-04-14,4.132117010645594
2021-04-15,4.68775681221133
2021-04-16,3.876056355061764
2021-04-17,5.503582552837721
2021-04-18,4.623885111436454
2021-04-19,4.625759651160999
2021-04-20,4.488091144454167
2021-04-21,4.40124759698325
2021-04-22,5.5598653289321325
2021-04-23,5.857281968691033
2021-04-24,6.306796637098511
2021-04-25,5.764732643294169
2021-04-26,4.448555475431747
2021-04-27,2.971097487559092
2021-04-28,4.975575330900314
2021-04-29,3.99683217423898
2021-04-30,5.956088083075281
2021-05-01,3.7534955446081724
2021-05-02,4.807814861850135
2021-05-03,6.387939982400927
2021-05-04,6.244300044009569
2021-05-05,5.747476937604265
2021-05-06,5.502132178078569
2021-05-07,5.996447739668489
2021-05-08,6.073946159313676
2021-05-09,5.955617116377781
2021-05-10,4.7814677907344105
2021-05-11,4.785837374589578
2021-05-12,3.309565604598246
2021-05-13,6.386679318247865
2021-05-14,5.323200043431598
2021-05-15,5.15120055458556
2021-05-16,5.717082726567083
2021-05-17,4.674451856467331
2021-05-18,6.211083013691698
2021-05-19,5.812010511696154
2021-05-20,5.880966710015609
2021-05-21,4.580033366731726
2021-05-22,5.9050215735187415
2021-05-23,4.5456373961020216
2021-05-24,3.920955545393399
2021-05-25,3.898627217262348
2021-05-26,3.5224848114585856
2021-05-27,4.1964339175177905
2021-05-28,5.391729120652312
2021-05-29,5.221973607187486
2021-05-30,6.0396585294900555
2021-05-31,5.849713837237523
2021-06-01,6.124844392463138
2021-06-02,5.91252530319904
2021-06-03,4.693737268648888
2021-06-04,5.52460405237581
2021-06-05,4.378608869681075
2021-06-06,4.7138064931725765
2021-06-07,4.029405184619303
2021-06-08,4.180992411316401
2021-06-09,3.6254915556053353
2021-06-10,3.8004136413363607
2021-06-11,4.3445340147820835
2021-06-12,1.4832898696564363
2021-06-13,4.049427277843804
2021-06-14,4.695422914338236
2021-06-15,4.662028833225937
2021-06-16,4.338759897897216
2021-06-17,4.737849301720111
2021-06-18,5.324250620519262
2021-06-19,4.995316815811613
2021-06-20,4.8928732947491955
2021-06-21,5.369868324387182
2021-06-22,4.50219901645609
2021-06-23,4.422191548571933
2021-06-24,5.658084722812111
2021-06-25,4.400049277770961
2021-06-26,4.920926057350528
2021-06-27,4.4604587234871955
2021-06-28,4.605746328944729
2021-06-29,4.820870051730784
2021-06-30,4.885205482788445
2021-07-01,6.0995593574887526
2021-07-02,5.111893716893589
2021-07-03,5.224942435829185
2021-07-04,4.4675867208235855
2021-07-05,4.42493514228128
2021-07-06,5.139013686149904
2021-07-07,3.685718670101034
2021-07-08,4.171435481643135
2021-07-09,4.274191962164069
2021-07-10,5.399505983799939
2021-07-11,5.903616187720366
2021-07-12,4.380950941528754
2021-07-13,4.263093048386943
2021-07-14,4.566195130227816
2021-07-15,4.671949925132913
2021-07-16,4.287097494355243
2021-07-17,4.152709529376643
2021-07-18,4.296257924633634
2021-07-19,3.7606334588658883
2021-07-20,4.729674190509775
2021-07-21,4.20719992291106
2021-07-22,4.612555023050207
2021-07-23,2.5843078361828726
2021-07-24,1.7870397431583473
2021-07-25,2.039524405876689
2021-07-26,4.996267917829143
2021-07-27,6.131745859443521
2021-07-28,5.100031561339607
2021-07-29,4.380322621752353
2021-07-30,4.351733543761648
2021-07-31,4.300765665219412
2021-08-01,4.402519327501551
2021-08-02,4.256195189800305
2021-08-03,3.9435846054116768
2021-08-04,4.61427946218761
2021-08-05,4.347327575118463
2021-08-06,4.760757495573537
2021-08-07,5.831453750750061
2021-08-08,4.636454848558784
2021-08-09,4.469698515467399
2021-08-10,4.261224102693293
2021-08-11,4.209820987617558
2021-08-12,4.490262256396749
2021-08-13,4.228326476562949
2021-08-14,3.869999228449332
2021-08-15,4.175194382495103
2021-08-16,6.061684410577907
2021-08-17,5.863468708041089
2021-08-18,4.4439248657928605
2021-08-19,4.352239477450314
2021-08-20,4.159819836747872
2021-08-21,5.2013344033031155
2021-08-22,4.510086736752696
2021-08-23,4.34527696769295
2021-08-24,4.558551900482414
2021-08-25,4.438681237020465
2021-08-26,4.213432507420685
2021-08-27,4.021101999218155
2021-08-28,3.799588145052771
2021-08-29,4.191102725098402
2021-08-30,4.4626099438271
2021-08-31,4.033540379104696
2021-09-01,3.5759862259205906
2021-09-02,3.5796049339289264
2021-09-03,3.784498701791803
2021-09-04,3.430104326268324
2021-09-05,3.498056438021538
2021-09-06,3.664965281411721
2021-09-07,3.740373695484499
2021-09-08,3.2173525071876448
2021-09-09,3.0756244164807907
2021-09-10,3.7797188879223014
2021-09-11,3.3676370032339586
2021-09-12,2.357393502571365
2021-09-13,4.0769358412298
2021-09-14,3.991143572586435
2021-09-15,4.01927183834302
2021-09-16,4.954444657833615
2021-09-17,3.671822497804457
2021-09-18,4.363755872764052
2021-09-19,3.665279419752355
2021-09-20,3.6746166181994635
2021-09-21,4.323831969080866
2021-09-22,3.6490385108185492
2021-09-23,3.564673977194718
2021-09-24,1.274553980786622
2021-09-25,3.2505626455174927
2021-09-26,4.048271821686413
2021-09-27,5.075131629755779
2021-09-28,5.141658799834232
2021-09-29,4.514346635764429
2021-09-30,4.892901592396387
2021-10-01,4.185672933046361
2021-10-02,3.48155079877139
2021-10-03,4.473359837931963
2021-10-04,4.278631141287737
2021-10-05,3.8751738209362894
2021-10-06,2.264489975437624
2021-10-07,1.661574146384246
2021-10-08,3.188291710156788
2021-10-09,4.217075534996464
2021-10-10,4.357590890198416
2021-10-11,4.008919996586984
2021-10-12,3.0941787427346323
2021-10-13,2.831760646218408
2021-10-14,1.9747910901798154
2021-10-15,2.6995561693606334
2021-10-16,3.111636623971277
2021-10-17,0.7576174391407162
2021-10-18,4.471783450726404
2021-10-19,3.64926798356639
2021-10-20,3.3898252449358504
2021-10-21,3.130787012782049
2021-10-22,3.352570986085941
2021-10-23,4.117661547489752
2021-10-24,3.3124273246217073
2021-10-25,4.424548244714756
2021-10-26,4.43814691167103
2021-10-27,3.323569562497379
2021-10-28,3.966532785904739
2021-10-29,3.8657364629258177
2021-10-30,3.441780124242438
2021-10-31,3.423254014219838
2021-11-01,4.154433752532595
2021-11-02,4.176297013902289
2021-11-03,4.242696548197627
2021-11-04,4.004401570064202
2021-11-05,3.949944494867398
2021-11-06,3.940080336970934
2021-11-07,3.7328201650393753
2021-11-08,3.7798893671415223
2021-11-09,3.958725659342331
2021-11-10,3.9603173155122406
2021-11-11,3.635239649695963
2021-11-12,3.3108313493106225
2021-11-13,3.265454701625042
2021-11-14,3.840241896989403
2021-11-15,3.974870684412985
2021-11-16,2.970077327766102
2021-11-17,3.8462367633045176
2021-11-18,3.50532246585915
2021-11-19,3.870359104917112
2021-11-20,3.706743912780203
2021-11-21,3.7917790930482727
2021-11-22,3.9397348848642224
2021-11-23,3.450817561673224
2021-11-24,3.914594703562653
2021-11-25,3.8260066249143296
2021-11-26,3.779060813230506
2021-11-27,3.990898964600058
2021-11-28,3.724093129389396
2021-11-29,2.66296365005588
2021-11-30,2.7953307785781716
2021-12-01,3.382313712633259
2021-12-02,3.754716384686547
2021-12-03,3.6943988236918965
2021-12-04,3.5958766245438403
2021-12-05,3.7830375913919374
2021-12-06,3.6229281091672663
2021-12-07,3.6984770847398254
2021-12-08,3.8630169179196514
2021-12-09,3.7909717085987373
2021-12-10,3.816694871053445
2021-12-11,3.7058678164300876
2021-12-12,3.8484405391625627
2021-12-13,3.550542531765727
2021-12-14,3.653322873531511
2021-12-15,3.7523330529383854
2021-12-16,3.7944902347659593
2021-12-17,3.681556292104415
2021-12-18,3.4333019403544625
2021-12-19,2.5831633909980454
2021-12-20,3.474450854226681
2021-12-21,3.549376085530239
2021-12-22,3.5891495351690064
2021-12-23,3.1479267232207477
2021-12-24,3.2700582255262254
2021-12-25,2.4898951813467187
2021-12-26,3.636906965064602
2021-12-27,3.6650964073342744
2021-12-28,3.194278098378384
2021-12-29,4.030141879554684
2021-12-30,4.030703121699817
2021-12-31,3.3276909200757694
2022-01-01,3.8645315141074543
2022-01-02,3.180344563643449
2022-01-03,3.4027779470167685
2022-01-04,3.3890603990625427
2022-01-05,3.2921742637913143
2022-01-06,4.036192383661646
2022-01-07,3.855779606610965
2022-01-08,3.967481251091124
2022-01-09,3.960361966352722
2022-01-10,3.8089789685018967
2022-01-11,4.142777332155862
2022-01-12,3.9960883118778927
2022-01-13,3.7638518320471768
2022-01-14,3.5677858932054765
2022-01-15,4.044762020755234
2022-01-16,3.6290450722585446
2022-01-17,3.881570787127591
2022-01-18,4.665400974421001
2022-01-19,3.791536150895285
2022-01-20,3.4285672706964805
2022-01-21,2.512427382586546
2022-01-22,2.93315501976879
2022-01-23,3.0050069123731196
2022-01-24,3.637611532106175
2022-01-25,3.9573968068124508
2022-01-26,3.574961378591504
2022-01-27,4.180980672456632
2022-01-28,3.7448253522656216
2022-01-29,4.044803842880724
2022-01-30,3.232719586604108
2022-01-31,3.3918631799113763
2022-02-01,3.895506557314315
2022-02-02,3.359593748063777
2022-02-03,4.403477575285928
2022-02-04,4.763388591915682
2022-02-05,4.178245313359157
2022-02-06,3.800430287957587
2022-02-07,3.5162005973616615
2022-02-08,3.7054968776100274
2022-02-09,4.087309570752792
2022-02-10,3.4056323369905135
2022-02-11,3.4813414966648506
2022-02-12,3.228320434739772
2022-02-13,3.29353963688055
2022-02-14,3.2345773909748847
2022-02-15,3.446243808729677
2022-02-16,2.774885117694903
2022-02-17,3.2593612456016463
2022-02-18,3.489804009685562
2022-02-19,3.660903378441998
2022-02-20,2.946732798762974
2022-02-21,1.9693323823324587
2022-02-22,4.14882933582698
2022-02-23,4.925140336846349
2022-02-24,4.748023354705645
2022-02-25,4.12735768685473
2022-02-26,4.336426363423508
2022-02-27,4.153849565905012
2022-02-28,4.306652864525838
2022-03-01,4.236859902530284
2022-03-02,4.206954146963919
2022-03-03,4.136955955979365
2022-03-04,3.9817195597254633
2022-03-05,3.818014695384115
2022-03-06,3.61086837325003
2022-03-07,3.9972323404171664
2022-03-08,4.607281754453532
2022-03-09,4.160939750354756
2022-03-10,4.506952783220593
2022-03-11,5.294129710870176
2022-03-12,4.396664675883261
2022-03-13,4.506144515775859
2022-03-14,5.0913220261062655
2022-03-15,4.065356688267011
2022-03-16,2.4142040336160253
2022-03-17,3.8395121632286995
2022-03-18,3.257073650051833
2022-03-19,3.6256220991607546
2022-03-20,3.7039485975345863
2022-03-21,3.3756002355091645
2022-03-22,3.65406028731073
2022-03-23,3.337579250485366
2022-03-24,3.1490036611786634
2022-03-25,3.9463979106665534
2022-03-26,3.9604452091143663
2022-03-27,3.7733710096161808
2022-03-28,3.297591103945614
2022-03-29,4.254832112944174
2022-03-30,4.336352659175671
2022-03-31,4.372500809205495
2022-04-01,1.3821668131651266
